transit_id,product_id,source_location_id,destination_location_id,quantity_in_transit,ship_date,expected_delivery_date,carrier,tracking_number
1,723,51,43,484,2026-06-01,2026-06-07,JB Hunt,JB -366018
2,4305,15,11,82,2026-06-03,2026-06-07,XPO,XPO-842986
3,2043,4,25,99,2026-06-09,2026-06-16,JB Hunt,JB -265572
4,4728,6,24,197,2026-06-08,2026-06-13,DHL,DHL-797192
5,3810,30,45,385,2026-06-11,2026-06-15,DHL,DHL-986487
6,698,14,25,381,2026-05-30,2026-06-05,DHL,DHL-229537
7,1601,46,19,265,2026-06-09,2026-06-15,XPO,XPO-349601
8,3348,30,7,134,2026-06-09,2026-06-12,FedEx,FED-663444
9,4323,20,32,235,2026-06-10,2026-06-14,FedEx,FED-905599
10,3582,19,21,278,2026-05-29,2026-06-01,UPS,UPS-659710
11,4064,1,23,163,2026-06-07,2026-06-11,XPO,XPO-790192
12,1181,6,46,71,2026-05-30,2026-06-06,FedEx,FED-948234
13,4958,39,28,432,2026-06-09,2026-06-13,UPS,UPS-343300
14,4493,47,16,392,2026-06-07,2026-06-12,XPO,XPO-629409
15,2562,52,11,227,2026-06-07,2026-06-14,DHL,DHL-979002
16,3508,50,43,460,2026-06-03,2026-06-09,UPS,UPS-716120
17,3618,18,12,209,2026-06-11,2026-06-17,XPO,XPO-106406
18,4352,37,40,461,2026-05-29,2026-06-05,FedEx,FED-139795
19,627,29,2,375,2026-06-11,2026-06-17,FedEx,FED-684323
20,4444,50,24,282,2026-06-08,2026-06-13,FedEx,FED-139531
21,2863,3,16,354,2026-06-02,2026-06-08,FedEx,FED-722309
22,4828,31,49,244,2026-05-30,2026-06-06,FedEx,FED-312870
23,1447,24,28,187,2026-05-29,2026-06-03,DHL,DHL-386178
24,2028,41,10,280,2026-05-30,2026-06-02,JB Hunt,JB -614067
25,2023,41,46,387,2026-06-08,2026-06-14,UPS,UPS-874756
26,3143,25,12,180,2026-06-08,2026-06-15,FedEx,FED-970928
27,4816,7,15,79,2026-05-31,2026-06-03,DHL,DHL-582415
28,2397,49,11,153,2026-06-11,2026-06-16,FedEx,FED-621852
29,1418,6,8,373,2026-06-04,2026-06-08,DHL,DHL-782603
30,4045,4,38,304,2026-06-08,2026-06-14,XPO,XPO-714408
31,4935,17,1,339,2026-06-06,2026-06-11,DHL,DHL-624847
32,3247,49,22,42,2026-06-11,2026-06-15,JB Hunt,JB -912107
33,4194,35,26,125,2026-06-09,2026-06-12,UPS,UPS-193645
34,1766,4,33,371,2026-06-02,2026-06-07,FedEx,FED-147240
35,305,30,29,283,2026-06-08,2026-06-15,DHL,DHL-209701
36,3096,10,33,319,2026-06-11,2026-06-17,XPO,XPO-295337
37,1014,40,36,240,2026-06-10,2026-06-16,JB Hunt,JB -853308
38,2040,13,20,67,2026-06-02,2026-06-06,XPO,XPO-164556
39,1183,22,50,367,2026-05-31,2026-06-04,DHL,DHL-897999
40,1732,46,27,405,2026-06-07,2026-06-12,UPS,UPS-336073
41,2366,46,32,76,2026-06-06,2026-06-12,FedEx,FED-599210
42,1630,50,15,305,2026-05-29,2026-06-01,XPO,XPO-861256
43,1662,10,24,299,2026-06-03,2026-06-10,UPS,UPS-324644
44,3861,37,48,113,2026-06-05,2026-06-08,JB Hunt,JB -791334
45,4376,9,36,392,2026-06-09,2026-06-15,JB Hunt,JB -530991
46,1853,41,53,136,2026-06-03,2026-06-08,JB Hunt,JB -219488
47,2399,36,7,428,2026-06-10,2026-06-17,FedEx,FED-699213
48,3453,4,12,340,2026-06-03,2026-06-10,XPO,XPO-150920
49,857,38,50,485,2026-06-02,2026-06-06,DHL,DHL-782420
50,3811,33,44,382,2026-06-05,2026-06-11,JB Hunt,JB -345745
51,2071,25,18,18,2026-06-06,2026-06-11,UPS,UPS-716421
52,108,42,19,172,2026-06-10,2026-06-17,FedEx,FED-507077
53,511,24,6,317,2026-05-30,2026-06-03,FedEx,FED-962131
54,306,4,16,470,2026-06-09,2026-06-14,XPO,XPO-662079
55,291,17,5,338,2026-06-08,2026-06-11,UPS,UPS-197872
56,3025,47,35,107,2026-06-06,2026-06-11,FedEx,FED-277555
57,4631,31,34,281,2026-06-05,2026-06-09,XPO,XPO-473144
58,810,38,8,264,2026-06-05,2026-06-11,UPS,UPS-757185
59,2018,3,5,101,2026-06-11,2026-06-16,JB Hunt,JB -642629
60,2351,15,36,447,2026-05-31,2026-06-07,DHL,DHL-717714
61,2800,24,23,279,2026-05-31,2026-06-03,FedEx,FED-208576
62,2446,35,21,371,2026-06-09,2026-06-12,JB Hunt,JB -193461
63,2952,51,9,369,2026-06-07,2026-06-14,UPS,UPS-802664
64,4210,31,1,182,2026-05-31,2026-06-03,DHL,DHL-455424
65,1519,52,36,333,2026-06-06,2026-06-09,XPO,XPO-961113
66,1314,38,52,332,2026-06-02,2026-06-06,JB Hunt,JB -374803
67,1956,37,24,411,2026-06-04,2026-06-07,JB Hunt,JB -398237
68,1524,27,9,255,2026-05-29,2026-06-02,XPO,XPO-624613
69,4374,23,11,495,2026-05-30,2026-06-05,FedEx,FED-746121
70,3379,39,5,419,2026-05-30,2026-06-03,UPS,UPS-779438
71,1277,10,4,292,2026-06-02,2026-06-06,DHL,DHL-864372
72,4422,30,29,165,2026-06-10,2026-06-15,JB Hunt,JB -741464
73,2335,27,9,193,2026-05-30,2026-06-06,UPS,UPS-406472
74,1445,41,36,426,2026-06-04,2026-06-10,XPO,XPO-753783
75,4845,20,53,315,2026-06-01,2026-06-06,FedEx,FED-739584
76,1633,5,49,146,2026-06-11,2026-06-15,JB Hunt,JB -267808
77,4251,36,40,60,2026-06-09,2026-06-13,UPS,UPS-139888
78,4582,25,2,211,2026-05-29,2026-06-05,DHL,DHL-988267
79,2032,39,9,283,2026-06-01,2026-06-08,FedEx,FED-747693
80,2740,37,19,21,2026-05-29,2026-06-01,DHL,DHL-975136
81,1182,6,46,312,2026-06-06,2026-06-11,FedEx,FED-211409
82,4961,6,24,275,2026-06-04,2026-06-10,DHL,DHL-776800
83,2619,32,20,310,2026-06-10,2026-06-17,XPO,XPO-751133
84,982,6,24,270,2026-06-10,2026-06-16,FedEx,FED-408243
85,4909,22,5,126,2026-06-11,2026-06-18,XPO,XPO-724727
86,1832,9,43,275,2026-06-04,2026-06-08,DHL,DHL-347119
87,3117,39,1,122,2026-06-09,2026-06-15,FedEx,FED-460605
88,493,53,22,434,2026-06-08,2026-06-14,FedEx,FED-261617
89,4908,22,5,168,2026-06-01,2026-06-08,FedEx,FED-457629
90,3528,19,17,224,2026-05-29,2026-06-04,FedEx,FED-612696
91,2132,31,4,282,2026-06-03,2026-06-07,DHL,DHL-753232
92,1921,24,17,453,2026-05-30,2026-06-02,JB Hunt,JB -296850
93,2079,36,20,423,2026-06-10,2026-06-16,UPS,UPS-760421
94,3807,38,12,375,2026-06-07,2026-06-12,JB Hunt,JB -559454
95,1854,38,42,123,2026-05-29,2026-06-05,XPO,XPO-625222
96,2072,19,17,310,2026-06-05,2026-06-10,DHL,DHL-506325
97,4863,42,23,433,2026-05-30,2026-06-02,UPS,UPS-753903
98,3455,50,32,432,2026-06-10,2026-06-16,XPO,XPO-899735
99,4301,46,43,155,2026-05-30,2026-06-05,FedEx,FED-643708
100,3625,28,36,478,2026-06-08,2026-06-12,FedEx,FED-436000
101,1638,4,13,307,2026-06-09,2026-06-15,XPO,XPO-193067
102,4636,43,47,215,2026-06-08,2026-06-14,XPO,XPO-717161
103,3875,11,20,415,2026-06-10,2026-06-13,DHL,DHL-709786
104,2440,27,17,306,2026-05-31,2026-06-05,UPS,UPS-945795
105,1347,40,49,338,2026-05-30,2026-06-03,UPS,UPS-222108
106,4382,20,14,481,2026-05-29,2026-06-05,JB Hunt,JB -697200
107,252,50,47,297,2026-06-11,2026-06-15,JB Hunt,JB -656646
108,1582,17,7,74,2026-06-09,2026-06-14,JB Hunt,JB -431528
109,2789,49,1,186,2026-06-09,2026-06-14,XPO,XPO-575761
110,293,52,40,186,2026-06-07,2026-06-11,JB Hunt,JB -659730
111,4165,6,46,63,2026-06-10,2026-06-16,DHL,DHL-940344
112,2862,24,2,394,2026-06-08,2026-06-12,JB Hunt,JB -145192
113,2190,42,29,359,2026-05-31,2026-06-05,UPS,UPS-445276
114,2240,14,32,393,2026-06-07,2026-06-11,JB Hunt,JB -673519
115,4778,7,12,347,2026-06-11,2026-06-14,DHL,DHL-575761
116,968,15,2,45,2026-05-31,2026-06-05,JB Hunt,JB -412214
117,2392,53,31,476,2026-06-08,2026-06-14,XPO,XPO-206379
118,973,12,35,254,2026-05-31,2026-06-05,UPS,UPS-704106
119,4282,14,18,400,2026-06-07,2026-06-12,XPO,XPO-761657
120,1533,43,6,124,2026-06-08,2026-06-13,UPS,UPS-289379
121,2569,28,34,17,2026-06-10,2026-06-14,JB Hunt,JB -731876
122,1372,2,44,54,2026-06-04,2026-06-08,XPO,XPO-552429
123,4602,31,11,120,2026-06-05,2026-06-08,UPS,UPS-303177
124,20,37,15,245,2026-05-29,2026-06-02,FedEx,FED-612317
125,934,26,39,498,2026-06-08,2026-06-12,XPO,XPO-637574
126,3479,1,26,338,2026-06-08,2026-06-13,DHL,DHL-555271
127,1176,27,38,390,2026-06-10,2026-06-17,UPS,UPS-180375
128,1086,49,1,389,2026-06-06,2026-06-13,DHL,DHL-402886
129,4085,20,29,90,2026-05-29,2026-06-04,FedEx,FED-591856
130,2738,6,18,497,2026-06-10,2026-06-14,DHL,DHL-338255
131,3531,30,12,344,2026-06-01,2026-06-07,UPS,UPS-271595
132,2858,38,47,261,2026-06-01,2026-06-08,DHL,DHL-947434
133,3557,12,46,239,2026-06-09,2026-06-16,XPO,XPO-762307
134,4745,27,15,312,2026-06-05,2026-06-11,UPS,UPS-515659
135,3051,24,5,390,2026-06-09,2026-06-15,UPS,UPS-123056
136,2273,30,37,84,2026-06-01,2026-06-07,XPO,XPO-148920
137,4151,15,24,15,2026-06-10,2026-06-17,UPS,UPS-989929
138,4365,25,28,455,2026-06-07,2026-06-14,XPO,XPO-941714
139,239,50,4,137,2026-06-10,2026-06-17,JB Hunt,JB -494684
140,1318,43,40,315,2026-06-07,2026-06-11,UPS,UPS-264362
141,3355,10,17,220,2026-06-08,2026-06-15,FedEx,FED-457429
142,1118,44,33,194,2026-06-02,2026-06-09,XPO,XPO-600563
143,4851,30,46,409,2026-06-01,2026-06-06,DHL,DHL-780523
144,3041,34,48,333,2026-05-31,2026-06-07,DHL,DHL-233545
145,2394,38,21,399,2026-06-03,2026-06-06,UPS,UPS-170748
146,1479,12,26,50,2026-06-10,2026-06-16,JB Hunt,JB -627105
147,565,25,47,190,2026-05-31,2026-06-04,UPS,UPS-583763
148,1264,47,43,303,2026-05-30,2026-06-06,FedEx,FED-468969
149,2760,23,41,237,2026-06-11,2026-06-16,XPO,XPO-772772
150,574,12,31,62,2026-05-31,2026-06-05,XPO,XPO-288948
151,1700,21,39,328,2026-05-31,2026-06-05,DHL,DHL-472840
152,819,1,16,486,2026-06-03,2026-06-07,UPS,UPS-935817
153,4221,31,11,342,2026-06-07,2026-06-10,XPO,XPO-748327
154,3940,38,33,35,2026-06-10,2026-06-13,JB Hunt,JB -941209
155,1213,17,14,491,2026-06-02,2026-06-08,JB Hunt,JB -908606
156,2423,4,51,68,2026-06-08,2026-06-13,UPS,UPS-251878
157,2076,26,27,213,2026-06-08,2026-06-13,UPS,UPS-874823
158,3186,21,23,281,2026-06-06,2026-06-13,DHL,DHL-452454
159,3385,7,32,362,2026-06-04,2026-06-09,JB Hunt,JB -241324
160,3530,2,53,459,2026-06-02,2026-06-06,UPS,UPS-701999
161,2524,14,30,22,2026-06-03,2026-06-07,UPS,UPS-203047
162,1154,7,34,405,2026-06-04,2026-06-10,XPO,XPO-786378
163,4592,45,23,153,2026-06-02,2026-06-06,JB Hunt,JB -748031
164,4809,19,22,384,2026-06-11,2026-06-16,XPO,XPO-342569
165,2257,27,34,110,2026-05-30,2026-06-02,FedEx,FED-179362
166,4337,28,44,291,2026-06-09,2026-06-14,JB Hunt,JB -949764
167,4815,49,50,387,2026-06-07,2026-06-13,FedEx,FED-191849
168,2795,34,52,476,2026-06-04,2026-06-09,JB Hunt,JB -374717
169,799,14,27,445,2026-06-02,2026-06-08,XPO,XPO-674168
170,689,10,19,410,2026-06-05,2026-06-11,JB Hunt,JB -477555
171,4509,25,6,99,2026-06-06,2026-06-13,UPS,UPS-931281
172,2431,44,16,84,2026-05-30,2026-06-03,JB Hunt,JB -376526
173,4374,35,14,185,2026-06-03,2026-06-07,XPO,XPO-438513
174,1339,18,37,262,2026-06-02,2026-06-06,JB Hunt,JB -445671
175,3659,32,51,422,2026-06-11,2026-06-15,XPO,XPO-123313
176,769,46,41,103,2026-06-04,2026-06-09,XPO,XPO-337149
177,2193,11,40,373,2026-06-04,2026-06-10,UPS,UPS-567352
178,2616,6,25,442,2026-06-04,2026-06-08,XPO,XPO-503225
179,739,23,36,350,2026-06-03,2026-06-08,XPO,XPO-383951
180,1177,19,17,458,2026-06-11,2026-06-15,XPO,XPO-560589
181,4029,26,9,21,2026-06-01,2026-06-04,JB Hunt,JB -784739
182,606,51,42,82,2026-06-02,2026-06-07,UPS,UPS-499377
183,2422,27,51,238,2026-05-29,2026-06-01,FedEx,FED-640210
184,2136,6,27,476,2026-05-29,2026-06-05,UPS,UPS-441802
185,4267,23,44,246,2026-06-06,2026-06-11,XPO,XPO-923333
186,3103,16,46,406,2026-06-08,2026-06-15,FedEx,FED-492218
187,2379,48,30,468,2026-06-11,2026-06-16,XPO,XPO-416660
188,4263,19,24,47,2026-06-08,2026-06-14,UPS,UPS-174489
189,1888,36,4,394,2026-06-10,2026-06-16,UPS,UPS-774573
190,2613,51,36,149,2026-06-11,2026-06-16,JB Hunt,JB -834185
191,1030,6,35,369,2026-06-08,2026-06-15,JB Hunt,JB -368718
192,1061,51,1,473,2026-06-06,2026-06-11,FedEx,FED-296145
193,395,20,22,74,2026-05-31,2026-06-04,UPS,UPS-711552
194,3086,42,2,65,2026-06-09,2026-06-15,JB Hunt,JB -651497
195,4726,47,35,490,2026-06-11,2026-06-18,XPO,XPO-906642
196,1249,43,19,32,2026-06-01,2026-06-06,FedEx,FED-350387
197,3619,4,45,373,2026-06-09,2026-06-13,DHL,DHL-892196
198,2856,14,9,104,2026-06-09,2026-06-15,DHL,DHL-786090
199,1554,34,33,29,2026-06-08,2026-06-15,UPS,UPS-123086
200,334,20,52,166,2026-06-04,2026-06-08,JB Hunt,JB -980898
201,2914,4,5,54,2026-05-30,2026-06-02,JB Hunt,JB -419512
202,3659,10,20,12,2026-06-05,2026-06-10,UPS,UPS-297862
203,3115,27,42,452,2026-06-08,2026-06-11,JB Hunt,JB -902040
204,809,39,1,262,2026-06-05,2026-06-12,XPO,XPO-456219
205,3473,47,23,308,2026-05-30,2026-06-05,JB Hunt,JB -695709
206,973,4,6,127,2026-06-04,2026-06-10,DHL,DHL-248060
207,2228,14,2,367,2026-06-05,2026-06-12,DHL,DHL-128799
208,4314,10,23,156,2026-06-07,2026-06-14,DHL,DHL-449772
209,1724,5,31,246,2026-06-09,2026-06-13,FedEx,FED-898006
210,1572,51,22,293,2026-05-30,2026-06-03,DHL,DHL-216535
211,2166,37,36,364,2026-06-06,2026-06-10,XPO,XPO-286120
212,2346,52,42,470,2026-06-11,2026-06-15,JB Hunt,JB -821019
213,3465,1,17,312,2026-06-01,2026-06-06,JB Hunt,JB -343185
214,4934,28,41,188,2026-06-05,2026-06-10,FedEx,FED-387916
215,1509,34,9,300,2026-06-04,2026-06-07,DHL,DHL-450521
216,2466,41,31,467,2026-06-04,2026-06-10,JB Hunt,JB -214382
217,533,42,29,95,2026-06-11,2026-06-15,XPO,XPO-608004
218,4718,5,51,94,2026-05-31,2026-06-05,DHL,DHL-247399
219,805,48,20,453,2026-05-31,2026-06-05,FedEx,FED-988597
220,1688,34,19,253,2026-06-09,2026-06-14,FedEx,FED-844537
221,1254,39,37,104,2026-05-30,2026-06-06,JB Hunt,JB -198585
222,3669,12,11,223,2026-06-07,2026-06-12,UPS,UPS-968837
223,2737,11,23,347,2026-06-05,2026-06-12,UPS,UPS-402263
224,4253,12,2,359,2026-06-10,2026-06-16,XPO,XPO-254247
225,787,11,36,414,2026-05-31,2026-06-05,XPO,XPO-739688
226,1776,15,52,477,2026-06-03,2026-06-08,DHL,DHL-158257
227,3446,9,25,245,2026-06-10,2026-06-17,XPO,XPO-633405
228,2219,50,43,382,2026-06-06,2026-06-13,DHL,DHL-559692
229,2582,35,26,374,2026-06-08,2026-06-11,DHL,DHL-740809
230,102,28,33,271,2026-06-10,2026-06-16,FedEx,FED-470222
231,4566,24,39,417,2026-06-06,2026-06-13,FedEx,FED-881887
232,237,30,13,31,2026-05-30,2026-06-06,XPO,XPO-286403
233,1346,47,4,197,2026-06-04,2026-06-08,JB Hunt,JB -935004
234,3111,27,12,176,2026-06-05,2026-06-12,XPO,XPO-994209
235,3284,46,51,493,2026-06-09,2026-06-14,DHL,DHL-683201
236,2412,4,50,11,2026-05-29,2026-06-02,DHL,DHL-234692
237,479,14,38,189,2026-06-10,2026-06-17,XPO,XPO-654853
238,3224,29,8,271,2026-06-06,2026-06-10,UPS,UPS-164225
239,4730,28,27,481,2026-06-11,2026-06-16,UPS,UPS-672771
240,3493,16,4,380,2026-06-06,2026-06-09,XPO,XPO-775127
241,3974,8,21,299,2026-06-11,2026-06-15,DHL,DHL-397476
242,1243,28,52,168,2026-05-29,2026-06-05,FedEx,FED-320805
243,1585,43,25,387,2026-06-08,2026-06-12,DHL,DHL-705687
244,2753,24,3,455,2026-06-01,2026-06-04,UPS,UPS-529977
245,4825,35,33,378,2026-06-02,2026-06-09,JB Hunt,JB -448801
246,2042,41,50,166,2026-05-29,2026-06-04,XPO,XPO-222491
247,58,28,34,42,2026-06-03,2026-06-07,UPS,UPS-254532
248,2437,32,53,76,2026-05-29,2026-06-02,UPS,UPS-995146
249,3495,19,37,160,2026-06-07,2026-06-10,UPS,UPS-454243
250,4344,20,31,161,2026-05-29,2026-06-01,JB Hunt,JB -982008
251,141,28,24,137,2026-06-05,2026-06-12,DHL,DHL-307133
252,4585,22,45,93,2026-06-02,2026-06-05,DHL,DHL-649483
253,198,34,33,370,2026-06-02,2026-06-08,XPO,XPO-947567
254,2139,14,1,349,2026-06-03,2026-06-08,FedEx,FED-888022
255,791,4,41,314,2026-06-08,2026-06-13,DHL,DHL-392787
256,466,29,47,239,2026-06-06,2026-06-12,XPO,XPO-686170
257,4702,45,8,299,2026-06-10,2026-06-17,JB Hunt,JB -271106
258,3677,51,31,127,2026-06-04,2026-06-07,XPO,XPO-434780
259,1256,24,31,421,2026-06-06,2026-06-10,XPO,XPO-429299
260,1668,5,30,246,2026-06-04,2026-06-07,JB Hunt,JB -485311
261,470,40,15,158,2026-05-30,2026-06-06,DHL,DHL-948801
262,2090,47,6,265,2026-06-03,2026-06-07,DHL,DHL-758277
263,554,10,21,333,2026-06-08,2026-06-15,JB Hunt,JB -267166
264,458,17,34,493,2026-06-07,2026-06-10,XPO,XPO-134436
265,3791,32,6,290,2026-05-31,2026-06-07,XPO,XPO-388429
266,1089,17,50,330,2026-06-08,2026-06-11,JB Hunt,JB -392853
267,2839,25,17,410,2026-06-10,2026-06-14,UPS,UPS-279866
268,4488,9,44,141,2026-06-09,2026-06-12,FedEx,FED-868980
269,2163,34,17,300,2026-05-30,2026-06-06,XPO,XPO-340716
270,1421,53,51,412,2026-06-05,2026-06-11,JB Hunt,JB -955381
271,4404,24,1,11,2026-06-01,2026-06-04,DHL,DHL-363028
272,4194,17,10,120,2026-06-02,2026-06-06,JB Hunt,JB -184048
273,2123,16,17,317,2026-06-01,2026-06-07,XPO,XPO-197918
274,3333,33,4,189,2026-06-08,2026-06-11,UPS,UPS-578534
275,2380,20,53,329,2026-06-04,2026-06-08,FedEx,FED-720128
276,3587,44,15,212,2026-06-10,2026-06-15,DHL,DHL-126970
277,1648,8,20,116,2026-06-05,2026-06-11,JB Hunt,JB -395420
278,3528,35,11,329,2026-06-10,2026-06-13,UPS,UPS-851047
279,4136,50,34,261,2026-05-31,2026-06-04,UPS,UPS-814217
280,4692,10,31,75,2026-06-11,2026-06-18,XPO,XPO-744603
281,2354,2,12,344,2026-06-09,2026-06-12,UPS,UPS-889873
282,2370,37,8,370,2026-06-06,2026-06-11,XPO,XPO-599513
283,3626,43,53,211,2026-06-08,2026-06-15,JB Hunt,JB -433652
284,4365,34,48,137,2026-06-08,2026-06-12,UPS,UPS-858426
285,4863,42,5,226,2026-05-29,2026-06-01,UPS,UPS-298077
286,3045,52,53,458,2026-05-30,2026-06-03,UPS,UPS-694492
287,2424,42,25,409,2026-06-03,2026-06-07,UPS,UPS-205523
288,2870,39,45,30,2026-05-31,2026-06-05,DHL,DHL-990645
289,1568,23,49,480,2026-05-29,2026-06-03,JB Hunt,JB -913795
290,329,16,23,143,2026-06-04,2026-06-07,JB Hunt,JB -608190
291,151,23,17,463,2026-06-04,2026-06-10,FedEx,FED-207933
292,616,43,23,322,2026-06-09,2026-06-15,UPS,UPS-518279
293,1820,33,49,174,2026-06-03,2026-06-07,XPO,XPO-394648
294,2738,4,51,466,2026-05-31,2026-06-04,DHL,DHL-809411
295,2420,3,29,38,2026-06-10,2026-06-15,DHL,DHL-910819
296,1452,28,7,147,2026-05-29,2026-06-02,FedEx,FED-839346
297,3117,27,18,386,2026-05-30,2026-06-05,XPO,XPO-325994
298,3416,27,50,450,2026-05-30,2026-06-02,DHL,DHL-619059
299,1851,19,53,345,2026-06-07,2026-06-13,XPO,XPO-269568
300,3783,47,31,49,2026-06-11,2026-06-17,FedEx,FED-121797
301,423,43,3,336,2026-05-29,2026-06-03,JB Hunt,JB -917753
302,2804,34,9,476,2026-06-02,2026-06-08,JB Hunt,JB -483422
303,2689,33,9,100,2026-06-06,2026-06-09,JB Hunt,JB -646250
304,880,7,32,345,2026-06-04,2026-06-09,JB Hunt,JB -332025
305,3108,40,37,423,2026-06-11,2026-06-17,DHL,DHL-116896
306,3533,47,13,483,2026-06-02,2026-06-07,JB Hunt,JB -135835
307,3585,44,39,319,2026-06-11,2026-06-18,UPS,UPS-565795
308,1348,23,48,336,2026-06-03,2026-06-06,JB Hunt,JB -973186
309,3379,25,53,214,2026-05-30,2026-06-02,JB Hunt,JB -442181
310,4461,26,6,324,2026-06-10,2026-06-14,JB Hunt,JB -105373
311,3639,50,12,355,2026-06-04,2026-06-07,DHL,DHL-580580
312,1464,46,3,264,2026-06-02,2026-06-08,UPS,UPS-929544
313,1598,42,10,205,2026-06-05,2026-06-11,FedEx,FED-370291
314,2100,14,30,382,2026-06-04,2026-06-11,JB Hunt,JB -368781
315,1760,34,53,461,2026-06-03,2026-06-07,DHL,DHL-763341
316,2472,36,52,64,2026-06-11,2026-06-16,UPS,UPS-736854
317,2997,50,48,113,2026-06-06,2026-06-11,DHL,DHL-958062
318,3439,50,13,311,2026-06-04,2026-06-11,UPS,UPS-698921
319,3388,36,51,10,2026-06-08,2026-06-14,JB Hunt,JB -763504
320,1181,4,32,47,2026-06-08,2026-06-15,JB Hunt,JB -282717
321,564,12,16,221,2026-06-08,2026-06-14,JB Hunt,JB -641961
322,1609,35,30,54,2026-06-08,2026-06-12,XPO,XPO-615660
323,3475,40,17,70,2026-06-03,2026-06-07,JB Hunt,JB -825020
324,34,1,6,402,2026-05-31,2026-06-05,UPS,UPS-375566
325,4321,16,8,82,2026-06-01,2026-06-07,DHL,DHL-338150
326,3581,51,10,143,2026-06-09,2026-06-14,UPS,UPS-527140
327,101,22,49,479,2026-06-06,2026-06-10,DHL,DHL-151604
328,1590,16,51,339,2026-06-03,2026-06-06,FedEx,FED-557542
329,986,10,34,218,2026-06-09,2026-06-14,DHL,DHL-747244
330,1744,22,50,257,2026-06-04,2026-06-07,JB Hunt,JB -650214
331,3962,7,46,222,2026-06-01,2026-06-06,JB Hunt,JB -676047
332,3103,11,45,222,2026-06-09,2026-06-16,DHL,DHL-672694
333,61,10,26,108,2026-06-01,2026-06-06,DHL,DHL-683159
334,3869,30,45,474,2026-06-11,2026-06-18,XPO,XPO-698581
335,4915,52,25,440,2026-06-09,2026-06-14,DHL,DHL-574664
336,820,6,13,416,2026-06-04,2026-06-07,DHL,DHL-855734
337,4907,42,53,29,2026-06-03,2026-06-10,UPS,UPS-161754
338,1162,25,17,384,2026-06-03,2026-06-08,FedEx,FED-254904
339,2878,1,26,361,2026-06-04,2026-06-08,XPO,XPO-158419
340,1161,21,30,489,2026-06-08,2026-06-11,JB Hunt,JB -940189
341,406,13,20,104,2026-06-07,2026-06-14,XPO,XPO-737246
342,3808,46,49,203,2026-05-29,2026-06-02,XPO,XPO-679257
343,2497,8,6,287,2026-06-10,2026-06-15,DHL,DHL-935290
344,476,40,6,492,2026-05-31,2026-06-07,XPO,XPO-654044
345,1997,24,4,193,2026-05-30,2026-06-04,FedEx,FED-697352
346,1154,50,31,142,2026-06-04,2026-06-08,JB Hunt,JB -152203
347,752,31,18,292,2026-05-29,2026-06-05,XPO,XPO-880670
348,1199,24,22,87,2026-06-04,2026-06-08,JB Hunt,JB -698850
349,2429,14,12,277,2026-06-11,2026-06-14,UPS,UPS-682655
350,2095,45,2,56,2026-05-31,2026-06-05,UPS,UPS-496889
351,1097,29,16,296,2026-06-08,2026-06-14,JB Hunt,JB -189015
352,854,42,22,413,2026-06-11,2026-06-14,FedEx,FED-113974
353,4965,35,12,194,2026-06-08,2026-06-11,XPO,XPO-772308
354,3343,20,39,261,2026-06-09,2026-06-14,XPO,XPO-835057
355,3672,17,26,75,2026-06-07,2026-06-12,FedEx,FED-403885
356,4521,7,31,124,2026-06-05,2026-06-08,UPS,UPS-427300
357,2372,43,39,476,2026-06-11,2026-06-15,DHL,DHL-567512
358,983,43,39,312,2026-06-05,2026-06-10,DHL,DHL-976994
359,870,31,4,57,2026-06-07,2026-06-11,DHL,DHL-479042
360,2419,50,37,384,2026-06-04,2026-06-07,FedEx,FED-212632
361,2667,35,8,374,2026-06-10,2026-06-15,FedEx,FED-151466
362,2825,1,30,86,2026-06-08,2026-06-12,DHL,DHL-752652
363,2512,41,28,428,2026-05-29,2026-06-03,XPO,XPO-508217
364,2733,27,8,89,2026-05-31,2026-06-07,JB Hunt,JB -222209
365,4368,2,10,242,2026-06-11,2026-06-15,XPO,XPO-613386
366,788,31,47,161,2026-06-10,2026-06-14,XPO,XPO-205636
367,2826,28,50,45,2026-05-30,2026-06-06,JB Hunt,JB -467848
368,824,10,49,309,2026-06-02,2026-06-06,JB Hunt,JB -428933
369,712,1,31,155,2026-06-04,2026-06-08,XPO,XPO-684244
370,4863,20,37,101,2026-05-29,2026-06-05,UPS,UPS-525808
371,939,35,29,424,2026-06-10,2026-06-13,JB Hunt,JB -831096
372,4963,11,5,460,2026-05-29,2026-06-01,XPO,XPO-707981
373,4299,15,46,202,2026-05-29,2026-06-04,FedEx,FED-301735
374,2828,16,1,275,2026-06-09,2026-06-16,DHL,DHL-427577
375,681,14,47,470,2026-06-11,2026-06-17,JB Hunt,JB -449062
376,2648,20,41,282,2026-06-08,2026-06-11,FedEx,FED-300975
377,4074,26,21,290,2026-06-09,2026-06-16,FedEx,FED-850320
378,475,44,43,494,2026-06-09,2026-06-13,XPO,XPO-361882
379,1746,29,17,480,2026-06-09,2026-06-13,JB Hunt,JB -508797
380,4679,11,52,478,2026-06-06,2026-06-12,UPS,UPS-828665
381,4570,6,45,373,2026-06-02,2026-06-09,XPO,XPO-494860
382,4018,34,52,479,2026-05-29,2026-06-03,FedEx,FED-788669
383,2191,5,51,414,2026-06-07,2026-06-11,FedEx,FED-159843
384,4159,25,32,26,2026-06-03,2026-06-07,JB Hunt,JB -315655
385,1432,22,33,412,2026-06-08,2026-06-14,FedEx,FED-540429
386,3621,51,14,268,2026-06-05,2026-06-12,DHL,DHL-916331
387,4494,18,1,142,2026-05-30,2026-06-06,DHL,DHL-153577
388,558,2,7,42,2026-06-06,2026-06-09,FedEx,FED-712167
389,3178,13,38,36,2026-06-03,2026-06-10,DHL,DHL-175971
390,1179,19,8,344,2026-06-02,2026-06-09,XPO,XPO-269207
391,675,38,16,422,2026-06-05,2026-06-11,JB Hunt,JB -846989
392,636,32,41,357,2026-06-05,2026-06-09,FedEx,FED-570483
393,1852,26,41,438,2026-06-03,2026-06-06,FedEx,FED-889228
394,3595,29,26,447,2026-05-29,2026-06-01,XPO,XPO-546340
395,4899,46,32,113,2026-05-29,2026-06-04,JB Hunt,JB -784870
396,1622,45,12,447,2026-06-04,2026-06-07,DHL,DHL-866600
397,3216,51,19,55,2026-06-05,2026-06-09,JB Hunt,JB -755677
398,4339,21,43,41,2026-06-01,2026-06-07,DHL,DHL-996148
399,830,44,51,246,2026-06-03,2026-06-07,FedEx,FED-530330
400,3652,10,27,266,2026-06-03,2026-06-06,FedEx,FED-102746
401,3278,29,52,67,2026-05-29,2026-06-03,FedEx,FED-940774
402,2960,7,43,259,2026-06-02,2026-06-08,FedEx,FED-596462
403,2428,42,8,104,2026-06-09,2026-06-14,FedEx,FED-193237
404,31,15,22,454,2026-05-30,2026-06-03,JB Hunt,JB -107077
405,3848,45,31,447,2026-06-09,2026-06-16,UPS,UPS-611942
406,4235,44,51,408,2026-06-11,2026-06-15,DHL,DHL-884685
407,3482,8,52,461,2026-06-05,2026-06-08,UPS,UPS-349029
408,1995,19,18,225,2026-06-03,2026-06-10,XPO,XPO-566727
409,1296,31,12,44,2026-06-08,2026-06-11,JB Hunt,JB -535061
410,1406,13,33,275,2026-05-29,2026-06-05,XPO,XPO-177011
411,4746,11,21,65,2026-06-08,2026-06-13,UPS,UPS-553166
412,619,24,53,209,2026-06-07,2026-06-13,UPS,UPS-210887
413,2481,13,24,257,2026-05-29,2026-06-03,DHL,DHL-408043
414,1294,40,44,97,2026-06-01,2026-06-06,JB Hunt,JB -651825
415,1779,21,27,76,2026-06-03,2026-06-08,FedEx,FED-582058
416,4742,18,23,158,2026-06-07,2026-06-10,FedEx,FED-249816
417,1113,36,48,252,2026-06-05,2026-06-11,JB Hunt,JB -804341
418,826,2,3,175,2026-06-11,2026-06-17,DHL,DHL-383835
419,3195,16,3,418,2026-05-30,2026-06-03,FedEx,FED-783115
420,3046,49,11,40,2026-05-30,2026-06-03,UPS,UPS-815702
421,631,5,34,119,2026-06-05,2026-06-08,DHL,DHL-166049
422,395,50,37,156,2026-06-03,2026-06-10,FedEx,FED-558298
423,1713,24,43,282,2026-06-01,2026-06-07,UPS,UPS-454829
424,197,20,25,227,2026-05-29,2026-06-01,XPO,XPO-287282
425,3756,38,23,270,2026-06-05,2026-06-11,FedEx,FED-728635
426,4738,23,7,303,2026-06-04,2026-06-11,DHL,DHL-469528
427,1773,20,29,139,2026-06-08,2026-06-15,UPS,UPS-426667
428,2319,21,27,88,2026-06-02,2026-06-09,FedEx,FED-544283
429,3566,9,42,264,2026-06-10,2026-06-17,UPS,UPS-346341
430,1147,14,41,102,2026-06-08,2026-06-11,UPS,UPS-286478
431,160,37,51,105,2026-06-01,2026-06-07,XPO,XPO-826058
432,78,50,10,335,2026-06-09,2026-06-13,UPS,UPS-793716
433,1562,50,20,395,2026-06-02,2026-06-09,UPS,UPS-321914
434,1285,18,5,249,2026-06-11,2026-06-15,FedEx,FED-432886
435,552,41,5,24,2026-06-01,2026-06-08,DHL,DHL-223767
436,3529,30,52,457,2026-06-08,2026-06-13,XPO,XPO-951238
437,1119,32,46,457,2026-06-04,2026-06-07,JB Hunt,JB -748506
438,1610,22,28,107,2026-06-09,2026-06-15,UPS,UPS-277110
439,4393,38,37,263,2026-06-04,2026-06-11,FedEx,FED-541129
440,520,34,23,242,2026-05-31,2026-06-06,UPS,UPS-895362
441,2023,47,26,279,2026-06-04,2026-06-07,XPO,XPO-181626
442,1121,31,27,103,2026-06-09,2026-06-15,UPS,UPS-706605
443,3364,27,29,358,2026-06-02,2026-06-06,XPO,XPO-533975
444,1304,12,38,423,2026-05-31,2026-06-03,DHL,DHL-302102
445,1096,27,5,100,2026-06-07,2026-06-14,JB Hunt,JB -827906
446,2658,3,35,315,2026-06-01,2026-06-07,XPO,XPO-894515
447,649,11,18,181,2026-06-10,2026-06-17,DHL,DHL-665022
448,672,47,41,107,2026-06-08,2026-06-14,FedEx,FED-624583
449,3258,41,38,374,2026-05-29,2026-06-02,FedEx,FED-700256
450,414,22,1,450,2026-05-31,2026-06-04,FedEx,FED-947910
451,2256,48,5,458,2026-06-01,2026-06-04,FedEx,FED-715655
452,98,21,27,341,2026-06-08,2026-06-11,FedEx,FED-240233
453,3055,17,53,38,2026-06-08,2026-06-15,JB Hunt,JB -703157
454,1448,50,47,383,2026-06-06,2026-06-12,FedEx,FED-319019
455,3936,17,24,142,2026-06-06,2026-06-10,XPO,XPO-539434
456,4963,36,16,260,2026-06-02,2026-06-05,XPO,XPO-341546
457,1851,12,4,367,2026-06-09,2026-06-16,DHL,DHL-457546
458,493,2,45,309,2026-06-04,2026-06-08,FedEx,FED-955982
459,4732,12,9,189,2026-06-06,2026-06-09,UPS,UPS-414308
460,364,3,22,413,2026-06-01,2026-06-06,XPO,XPO-735500
461,3195,38,30,274,2026-05-31,2026-06-04,JB Hunt,JB -842310
462,3642,43,2,106,2026-06-01,2026-06-06,XPO,XPO-948904
463,1481,33,35,452,2026-06-11,2026-06-16,FedEx,FED-613541
464,2343,7,8,170,2026-05-29,2026-06-02,UPS,UPS-201787
465,878,36,49,207,2026-06-04,2026-06-11,DHL,DHL-454727
466,1607,16,4,347,2026-06-11,2026-06-15,UPS,UPS-320794
467,1984,7,10,322,2026-06-04,2026-06-09,XPO,XPO-327518
468,2134,40,49,374,2026-05-30,2026-06-04,FedEx,FED-749668
469,2851,22,12,454,2026-05-31,2026-06-06,DHL,DHL-223331
470,738,7,42,113,2026-06-01,2026-06-05,JB Hunt,JB -954985
471,1603,32,12,17,2026-06-08,2026-06-15,FedEx,FED-667934
472,47,52,37,216,2026-05-31,2026-06-05,XPO,XPO-200375
473,4590,53,35,322,2026-06-08,2026-06-12,XPO,XPO-852399
474,4442,46,42,90,2026-06-03,2026-06-09,UPS,UPS-679486
475,4983,21,23,395,2026-06-07,2026-06-14,FedEx,FED-635141
476,796,38,39,304,2026-06-01,2026-06-04,DHL,DHL-722385
477,2156,28,26,496,2026-06-10,2026-06-17,UPS,UPS-588761
478,693,8,31,225,2026-05-29,2026-06-02,DHL,DHL-333267
479,3634,23,46,332,2026-06-09,2026-06-16,FedEx,FED-458786
480,2970,14,34,274,2026-06-01,2026-06-07,XPO,XPO-723778
481,1397,50,2,273,2026-06-09,2026-06-12,DHL,DHL-390961
482,1691,16,10,264,2026-05-30,2026-06-02,JB Hunt,JB -732096
483,1229,46,19,193,2026-06-03,2026-06-09,DHL,DHL-300423
484,1382,47,50,294,2026-06-08,2026-06-13,JB Hunt,JB -179260
485,1295,46,24,197,2026-06-09,2026-06-14,JB Hunt,JB -263333
486,1013,29,48,377,2026-06-11,2026-06-18,UPS,UPS-759625
487,675,37,8,157,2026-05-31,2026-06-03,UPS,UPS-734801
488,2039,16,9,79,2026-05-29,2026-06-02,FedEx,FED-166832
489,263,6,51,457,2026-06-03,2026-06-09,FedEx,FED-272855
490,2221,39,8,352,2026-06-04,2026-06-11,FedEx,FED-266093
491,1607,24,34,276,2026-06-02,2026-06-05,FedEx,FED-944319
492,993,43,15,241,2026-06-06,2026-06-11,JB Hunt,JB -419671
493,2817,16,13,104,2026-06-09,2026-06-16,FedEx,FED-652339
494,2191,51,45,201,2026-06-07,2026-06-11,XPO,XPO-377742
495,4802,1,32,134,2026-06-09,2026-06-13,FedEx,FED-851516
496,4233,29,32,142,2026-06-08,2026-06-15,JB Hunt,JB -637846
497,1471,36,24,131,2026-06-10,2026-06-14,JB Hunt,JB -491210
498,2161,48,27,207,2026-06-10,2026-06-17,JB Hunt,JB -715531
499,2477,42,9,178,2026-06-01,2026-06-06,UPS,UPS-519480
500,3997,36,12,126,2026-06-09,2026-06-15,XPO,XPO-411858
501,3737,35,49,432,2026-05-29,2026-06-02,FedEx,FED-660586
502,1346,21,8,119,2026-06-10,2026-06-17,DHL,DHL-969870
503,530,6,46,16,2026-06-06,2026-06-10,UPS,UPS-266518
504,3750,24,50,278,2026-06-06,2026-06-12,DHL,DHL-912544
505,7,12,1,474,2026-06-05,2026-06-08,XPO,XPO-804794
506,1264,31,29,82,2026-06-03,2026-06-09,UPS,UPS-765002
507,1978,1,7,330,2026-06-03,2026-06-09,XPO,XPO-334303
508,2908,20,12,388,2026-06-04,2026-06-08,JB Hunt,JB -755309
509,1001,53,17,296,2026-06-02,2026-06-08,UPS,UPS-625950
510,860,8,15,313,2026-06-02,2026-06-09,JB Hunt,JB -610100
511,2554,17,46,409,2026-06-05,2026-06-08,UPS,UPS-873410
512,2171,43,48,387,2026-05-30,2026-06-06,DHL,DHL-645626
513,4279,42,10,451,2026-05-31,2026-06-06,FedEx,FED-465044
514,2937,12,30,459,2026-06-10,2026-06-17,UPS,UPS-170988
515,4382,45,2,496,2026-05-30,2026-06-06,FedEx,FED-748104
516,282,20,51,57,2026-06-08,2026-06-14,XPO,XPO-810929
517,962,23,44,389,2026-05-31,2026-06-07,UPS,UPS-236746
518,1741,6,39,425,2026-06-09,2026-06-16,JB Hunt,JB -287608
519,427,17,48,193,2026-06-09,2026-06-12,DHL,DHL-207497
520,4804,46,42,29,2026-05-29,2026-06-02,XPO,XPO-123368
521,2131,12,43,282,2026-06-11,2026-06-15,UPS,UPS-289699
522,4024,40,8,128,2026-06-10,2026-06-17,DHL,DHL-967113
523,3714,17,8,358,2026-06-11,2026-06-14,JB Hunt,JB -855363
524,286,4,39,46,2026-06-04,2026-06-08,UPS,UPS-751445
525,2804,2,39,444,2026-06-05,2026-06-10,JB Hunt,JB -585172
526,4422,49,16,64,2026-06-04,2026-06-09,UPS,UPS-185247
527,2759,40,8,37,2026-06-08,2026-06-11,UPS,UPS-827940
528,2715,34,18,461,2026-06-09,2026-06-16,UPS,UPS-787010
529,784,5,26,270,2026-06-10,2026-06-13,UPS,UPS-715959
530,3572,22,19,309,2026-06-06,2026-06-12,JB Hunt,JB -881543
531,2014,46,32,267,2026-06-03,2026-06-09,DHL,DHL-797487
532,1534,32,1,151,2026-06-09,2026-06-12,FedEx,FED-581960
533,2023,22,52,155,2026-06-02,2026-06-07,XPO,XPO-341833
534,4173,43,31,223,2026-06-06,2026-06-09,JB Hunt,JB -180236
535,1728,42,24,418,2026-06-06,2026-06-10,FedEx,FED-563637
536,3889,39,21,295,2026-06-10,2026-06-17,JB Hunt,JB -805910
537,2447,25,13,451,2026-06-09,2026-06-13,UPS,UPS-119764
538,10,21,17,353,2026-06-11,2026-06-14,DHL,DHL-501773
539,224,2,5,134,2026-06-02,2026-06-08,JB Hunt,JB -216015
540,4061,31,25,379,2026-06-02,2026-06-09,XPO,XPO-902553
541,3387,31,38,279,2026-06-02,2026-06-09,UPS,UPS-677017
542,1730,18,29,115,2026-05-31,2026-06-05,UPS,UPS-753603
543,1946,7,20,121,2026-06-03,2026-06-09,XPO,XPO-324130
544,1528,18,26,105,2026-05-30,2026-06-05,JB Hunt,JB -812440
545,3941,8,27,181,2026-06-02,2026-06-06,JB Hunt,JB -437218
546,3003,9,20,134,2026-06-08,2026-06-14,XPO,XPO-523535
547,2774,3,45,78,2026-06-03,2026-06-08,DHL,DHL-997929
548,1622,21,23,159,2026-05-30,2026-06-06,UPS,UPS-819136
549,1923,4,27,494,2026-06-02,2026-06-07,DHL,DHL-398144
550,1952,39,25,424,2026-06-11,2026-06-16,DHL,DHL-502740
551,4898,1,52,181,2026-06-11,2026-06-14,XPO,XPO-259165
552,1456,34,3,142,2026-06-08,2026-06-13,DHL,DHL-365781
553,3805,4,3,396,2026-06-07,2026-06-12,UPS,UPS-507951
554,428,47,15,281,2026-06-08,2026-06-11,FedEx,FED-655132
555,1595,21,16,303,2026-05-31,2026-06-07,UPS,UPS-179729
556,1885,24,51,431,2026-05-29,2026-06-03,FedEx,FED-699088
557,2131,24,39,212,2026-06-11,2026-06-14,XPO,XPO-684047
558,3249,23,3,334,2026-06-11,2026-06-15,JB Hunt,JB -198593
559,693,38,43,398,2026-05-30,2026-06-04,JB Hunt,JB -391997
560,1287,41,36,206,2026-06-04,2026-06-07,UPS,UPS-234249
561,3098,5,50,212,2026-06-11,2026-06-14,XPO,XPO-216682
562,2148,29,8,122,2026-06-11,2026-06-16,XPO,XPO-606822
563,4829,13,50,421,2026-06-03,2026-06-08,UPS,UPS-316738
564,3698,9,4,36,2026-05-30,2026-06-02,FedEx,FED-589616
565,3399,3,1,246,2026-05-29,2026-06-02,FedEx,FED-798873
566,1644,7,14,486,2026-06-09,2026-06-13,XPO,XPO-843456
567,823,35,30,419,2026-06-11,2026-06-15,UPS,UPS-849949
568,2604,40,30,465,2026-06-02,2026-06-05,JB Hunt,JB -912711
569,4636,46,20,66,2026-06-11,2026-06-16,XPO,XPO-634640
570,2508,7,40,53,2026-06-07,2026-06-13,XPO,XPO-528727
571,558,37,47,211,2026-06-08,2026-06-13,DHL,DHL-466547
572,2540,27,12,438,2026-05-31,2026-06-07,FedEx,FED-651638
573,1537,24,30,155,2026-06-10,2026-06-13,DHL,DHL-644724
574,1331,48,46,102,2026-06-01,2026-06-08,XPO,XPO-738831
575,2628,44,40,383,2026-06-02,2026-06-08,DHL,DHL-775641
576,258,37,28,231,2026-06-03,2026-06-07,DHL,DHL-627362
577,1781,8,13,99,2026-06-03,2026-06-08,FedEx,FED-845436
578,3377,11,42,102,2026-06-05,2026-06-09,JB Hunt,JB -937823
579,3981,1,12,241,2026-06-04,2026-06-11,JB Hunt,JB -884103
580,3455,25,7,85,2026-06-08,2026-06-14,UPS,UPS-445205
581,3799,2,45,247,2026-05-31,2026-06-07,JB Hunt,JB -470367
582,3742,33,1,73,2026-06-06,2026-06-11,JB Hunt,JB -257233
583,3098,51,31,96,2026-06-06,2026-06-11,UPS,UPS-370116
584,3406,16,52,32,2026-06-06,2026-06-11,XPO,XPO-145227
585,3362,7,2,201,2026-05-31,2026-06-07,JB Hunt,JB -662211
586,798,51,38,325,2026-06-08,2026-06-15,FedEx,FED-567565
587,1977,12,19,108,2026-06-05,2026-06-08,FedEx,FED-162559
588,2563,29,52,403,2026-06-09,2026-06-12,FedEx,FED-387616
589,3692,46,24,231,2026-06-04,2026-06-08,FedEx,FED-400915
590,2449,52,40,268,2026-06-04,2026-06-11,DHL,DHL-935106
591,44,46,29,91,2026-06-03,2026-06-07,UPS,UPS-635400
592,409,34,45,475,2026-06-07,2026-06-12,FedEx,FED-664771
593,2930,3,32,330,2026-05-29,2026-06-05,DHL,DHL-501512
594,427,15,11,356,2026-06-02,2026-06-09,JB Hunt,JB -618091
595,1190,32,36,457,2026-06-09,2026-06-15,DHL,DHL-826684
596,3367,24,34,283,2026-05-31,2026-06-06,XPO,XPO-930864
597,1120,32,27,127,2026-06-02,2026-06-09,JB Hunt,JB -678125
598,4634,9,47,300,2026-06-10,2026-06-13,JB Hunt,JB -867370
599,2999,19,25,469,2026-06-08,2026-06-12,JB Hunt,JB -308714
600,186,10,2,62,2026-05-29,2026-06-04,JB Hunt,JB -374722
601,3022,51,6,81,2026-06-11,2026-06-17,JB Hunt,JB -502440
602,3376,37,25,29,2026-06-11,2026-06-14,UPS,UPS-229529
603,2247,43,18,58,2026-06-03,2026-06-08,FedEx,FED-569269
604,521,10,33,282,2026-06-06,2026-06-13,FedEx,FED-279363
605,2101,25,8,337,2026-06-08,2026-06-15,UPS,UPS-405867
606,1021,42,24,36,2026-06-08,2026-06-11,JB Hunt,JB -601706
607,3273,53,48,98,2026-06-06,2026-06-11,DHL,DHL-741063
608,1868,38,1,210,2026-06-10,2026-06-17,DHL,DHL-512322
609,3839,26,32,319,2026-05-29,2026-06-04,UPS,UPS-969505
610,1103,18,20,400,2026-06-11,2026-06-18,UPS,UPS-873395
611,109,47,3,156,2026-06-04,2026-06-07,DHL,DHL-133855
612,955,39,20,26,2026-06-08,2026-06-13,FedEx,FED-985108
613,3757,7,14,100,2026-06-09,2026-06-16,DHL,DHL-808127
614,1504,46,23,167,2026-06-06,2026-06-12,DHL,DHL-279714
615,3276,29,21,190,2026-06-04,2026-06-08,UPS,UPS-465883
616,4206,52,6,283,2026-06-02,2026-06-05,DHL,DHL-140994
617,3778,12,32,339,2026-06-10,2026-06-14,DHL,DHL-114402
618,1051,6,33,430,2026-06-09,2026-06-16,XPO,XPO-124138
619,84,33,52,74,2026-06-05,2026-06-08,DHL,DHL-120697
620,965,53,36,370,2026-06-08,2026-06-14,JB Hunt,JB -274195
621,807,8,34,236,2026-06-01,2026-06-08,DHL,DHL-546493
622,3222,44,35,162,2026-06-05,2026-06-12,DHL,DHL-921391
623,2086,41,28,195,2026-06-04,2026-06-10,JB Hunt,JB -940385
624,1710,8,23,112,2026-06-11,2026-06-14,DHL,DHL-784393
625,1109,50,44,261,2026-06-04,2026-06-07,JB Hunt,JB -542881
626,4930,21,51,96,2026-06-06,2026-06-12,UPS,UPS-771054
627,4098,1,3,54,2026-06-01,2026-06-05,FedEx,FED-213941
628,1793,39,4,52,2026-05-31,2026-06-03,FedEx,FED-651073
629,1263,40,44,491,2026-06-06,2026-06-13,XPO,XPO-924439
630,2460,51,22,204,2026-06-05,2026-06-11,FedEx,FED-978847
631,4917,31,25,231,2026-06-04,2026-06-11,XPO,XPO-718522
632,958,53,51,395,2026-06-11,2026-06-17,DHL,DHL-330093
633,487,24,26,122,2026-05-29,2026-06-04,FedEx,FED-636118
634,3288,7,11,475,2026-05-30,2026-06-05,UPS,UPS-250024
635,358,35,37,167,2026-06-05,2026-06-08,UPS,UPS-966970
636,690,33,34,143,2026-06-09,2026-06-14,FedEx,FED-962960
637,3764,47,11,215,2026-06-10,2026-06-13,UPS,UPS-421126
638,2488,50,9,257,2026-06-11,2026-06-18,UPS,UPS-168177
639,2269,14,27,329,2026-06-09,2026-06-13,FedEx,FED-620550
640,1696,14,25,289,2026-06-01,2026-06-05,JB Hunt,JB -890280
641,4204,45,51,373,2026-06-09,2026-06-12,JB Hunt,JB -902988
642,1314,53,29,388,2026-06-05,2026-06-12,DHL,DHL-684861
643,3564,28,44,221,2026-06-11,2026-06-14,XPO,XPO-669252
644,1737,8,33,15,2026-06-07,2026-06-14,DHL,DHL-389135
645,3060,39,46,201,2026-05-29,2026-06-03,XPO,XPO-672746
646,465,12,41,405,2026-05-30,2026-06-04,FedEx,FED-839030
647,1321,52,47,363,2026-06-07,2026-06-12,XPO,XPO-925824
648,3648,35,8,335,2026-06-09,2026-06-13,DHL,DHL-325068
649,3537,18,39,440,2026-06-10,2026-06-15,XPO,XPO-607083
650,1338,37,21,274,2026-06-05,2026-06-12,XPO,XPO-532912
651,1587,3,34,97,2026-06-03,2026-06-08,FedEx,FED-422794
652,803,40,16,484,2026-06-06,2026-06-12,JB Hunt,JB -936671
653,405,38,39,393,2026-06-09,2026-06-12,UPS,UPS-422330
654,4359,2,50,377,2026-05-29,2026-06-03,JB Hunt,JB -704829
655,1460,27,10,425,2026-06-03,2026-06-06,DHL,DHL-757559
656,2978,28,26,267,2026-06-01,2026-06-06,DHL,DHL-205989
657,2983,24,49,374,2026-06-02,2026-06-08,FedEx,FED-254125
658,4836,35,41,175,2026-06-01,2026-06-05,DHL,DHL-781066
659,118,37,23,351,2026-05-29,2026-06-01,JB Hunt,JB -787073
660,1218,6,7,386,2026-06-01,2026-06-06,DHL,DHL-804935
661,999,13,14,195,2026-06-01,2026-06-08,UPS,UPS-967335
662,2934,1,13,388,2026-05-31,2026-06-04,JB Hunt,JB -208377
663,2135,28,47,388,2026-05-29,2026-06-03,JB Hunt,JB -273393
664,298,44,18,342,2026-06-07,2026-06-11,XPO,XPO-628941
665,4887,49,16,353,2026-06-01,2026-06-06,DHL,DHL-517821
666,4802,1,21,93,2026-06-05,2026-06-11,DHL,DHL-160448
667,2356,10,15,276,2026-06-06,2026-06-12,XPO,XPO-213321
668,4467,1,27,457,2026-06-06,2026-06-09,DHL,DHL-102278
669,2741,23,9,461,2026-06-08,2026-06-12,FedEx,FED-332758
670,1521,26,6,283,2026-06-05,2026-06-12,DHL,DHL-707796
671,4366,20,43,76,2026-06-10,2026-06-16,UPS,UPS-665009
672,3244,3,8,477,2026-06-02,2026-06-05,FedEx,FED-413716
673,4571,43,42,198,2026-06-08,2026-06-11,DHL,DHL-375527
674,2856,13,14,101,2026-06-05,2026-06-09,FedEx,FED-389664
675,3535,9,53,484,2026-06-01,2026-06-04,FedEx,FED-793915
676,3157,38,42,130,2026-06-04,2026-06-07,JB Hunt,JB -128037
677,1916,2,52,299,2026-06-11,2026-06-18,UPS,UPS-256541
678,3400,17,10,108,2026-05-30,2026-06-02,UPS,UPS-858897
679,714,30,51,343,2026-06-08,2026-06-11,JB Hunt,JB -384300
680,4394,8,53,454,2026-06-10,2026-06-13,UPS,UPS-884467
681,432,1,8,346,2026-05-29,2026-06-03,FedEx,FED-744356
682,1043,15,32,213,2026-06-05,2026-06-11,FedEx,FED-870519
683,4238,44,41,445,2026-05-30,2026-06-05,DHL,DHL-737777
684,797,44,30,155,2026-05-30,2026-06-06,DHL,DHL-347961
685,4388,53,37,458,2026-05-30,2026-06-02,DHL,DHL-460785
686,1553,2,28,436,2026-06-03,2026-06-06,JB Hunt,JB -978509
687,1346,19,15,401,2026-06-06,2026-06-13,FedEx,FED-781655
688,1678,12,2,109,2026-06-07,2026-06-13,JB Hunt,JB -504448
689,901,31,21,61,2026-06-04,2026-06-10,UPS,UPS-905297
690,1484,49,27,287,2026-06-02,2026-06-07,DHL,DHL-199648
691,3886,14,1,155,2026-06-03,2026-06-08,JB Hunt,JB -882053
692,2396,16,27,242,2026-06-11,2026-06-16,DHL,DHL-800243
693,3817,36,38,272,2026-06-07,2026-06-13,FedEx,FED-819818
694,2321,7,41,43,2026-06-05,2026-06-11,JB Hunt,JB -606201
695,2185,41,13,373,2026-06-05,2026-06-10,DHL,DHL-335182
696,4826,1,49,373,2026-06-08,2026-06-11,XPO,XPO-144055
697,1359,48,34,261,2026-06-09,2026-06-15,DHL,DHL-426893
698,1259,42,2,184,2026-06-01,2026-06-06,UPS,UPS-682262
699,657,14,13,95,2026-05-29,2026-06-05,FedEx,FED-433382
700,2673,15,39,285,2026-05-29,2026-06-05,XPO,XPO-611361
701,3298,43,4,318,2026-06-05,2026-06-08,UPS,UPS-756479
702,680,30,12,409,2026-06-05,2026-06-08,JB Hunt,JB -248202
703,1000,21,38,52,2026-06-08,2026-06-15,XPO,XPO-821635
704,3399,31,16,68,2026-06-02,2026-06-08,XPO,XPO-502344
705,4495,51,13,404,2026-06-01,2026-06-06,JB Hunt,JB -297462
706,1191,16,8,488,2026-06-10,2026-06-17,FedEx,FED-407681
707,3360,51,8,244,2026-05-31,2026-06-05,FedEx,FED-180654
708,1726,45,48,371,2026-05-29,2026-06-05,FedEx,FED-180839
709,1127,42,28,387,2026-06-05,2026-06-11,UPS,UPS-950734
710,3022,53,1,354,2026-06-03,2026-06-10,JB Hunt,JB -152533
711,516,31,6,71,2026-05-29,2026-06-04,FedEx,FED-232072
712,3074,9,34,402,2026-06-09,2026-06-14,DHL,DHL-505077
713,520,19,4,387,2026-06-02,2026-06-09,FedEx,FED-329223
714,2497,34,11,336,2026-06-07,2026-06-14,FedEx,FED-779422
715,4822,7,42,139,2026-06-04,2026-06-07,UPS,UPS-809768
716,1357,42,33,25,2026-06-08,2026-06-11,XPO,XPO-109901
717,3160,47,52,144,2026-06-11,2026-06-17,DHL,DHL-244100
718,3248,50,49,75,2026-05-29,2026-06-04,JB Hunt,JB -170088
719,4522,25,34,382,2026-05-29,2026-06-04,FedEx,FED-321700
720,4322,29,33,230,2026-06-07,2026-06-14,DHL,DHL-865179
721,2265,40,23,373,2026-06-06,2026-06-13,XPO,XPO-715933
722,1188,21,13,105,2026-06-04,2026-06-08,FedEx,FED-476445
723,4213,19,23,86,2026-06-03,2026-06-07,JB Hunt,JB -208718
724,777,21,28,96,2026-05-29,2026-06-04,FedEx,FED-171810
725,2154,35,32,191,2026-06-02,2026-06-05,DHL,DHL-520463
726,966,27,21,277,2026-06-01,2026-06-04,XPO,XPO-693383
727,339,22,30,192,2026-06-07,2026-06-14,FedEx,FED-576587
728,911,10,16,340,2026-06-04,2026-06-10,UPS,UPS-954687
729,1747,48,30,226,2026-06-08,2026-06-14,JB Hunt,JB -214204
730,3666,35,44,450,2026-06-08,2026-06-14,XPO,XPO-591026
731,4318,2,33,451,2026-06-10,2026-06-14,FedEx,FED-712424
732,4963,51,43,315,2026-06-01,2026-06-08,UPS,UPS-194136
733,2352,17,37,86,2026-06-06,2026-06-09,JB Hunt,JB -832858
734,2938,44,6,243,2026-06-05,2026-06-12,UPS,UPS-338505
735,3776,40,26,64,2026-06-09,2026-06-13,UPS,UPS-280637
736,756,37,41,197,2026-06-05,2026-06-09,UPS,UPS-805575
737,4796,41,44,251,2026-06-01,2026-06-06,UPS,UPS-601812
738,1687,7,40,409,2026-06-04,2026-06-11,UPS,UPS-194290
739,1046,27,23,344,2026-06-07,2026-06-13,UPS,UPS-270521
740,1023,18,28,315,2026-06-03,2026-06-10,UPS,UPS-268360
741,3108,50,41,468,2026-05-29,2026-06-03,XPO,XPO-433188
742,332,16,53,344,2026-06-07,2026-06-10,DHL,DHL-540856
743,3077,39,16,323,2026-06-04,2026-06-07,JB Hunt,JB -244235
744,889,19,38,70,2026-06-05,2026-06-08,XPO,XPO-185050
745,2151,17,47,84,2026-06-03,2026-06-10,XPO,XPO-821781
746,1007,52,47,265,2026-06-07,2026-06-13,FedEx,FED-941120
747,1102,24,1,33,2026-06-02,2026-06-09,DHL,DHL-158346
748,3006,12,53,32,2026-05-30,2026-06-03,DHL,DHL-864388
749,2883,4,44,267,2026-06-06,2026-06-13,XPO,XPO-360980
750,4901,7,29,340,2026-06-10,2026-06-16,DHL,DHL-440163
751,3800,22,7,131,2026-06-06,2026-06-12,JB Hunt,JB -636731
752,4541,38,5,390,2026-06-07,2026-06-10,JB Hunt,JB -979940
753,444,47,6,372,2026-06-04,2026-06-08,XPO,XPO-545951
754,4492,4,53,475,2026-06-01,2026-06-06,UPS,UPS-604789
755,1617,25,20,280,2026-06-10,2026-06-13,JB Hunt,JB -681257
756,4011,46,43,251,2026-06-03,2026-06-08,XPO,XPO-543829
757,1851,40,4,357,2026-05-31,2026-06-07,UPS,UPS-749448
758,2125,50,30,220,2026-05-31,2026-06-07,UPS,UPS-258561
759,611,16,33,153,2026-06-01,2026-06-06,UPS,UPS-191221
760,3508,12,10,495,2026-05-29,2026-06-02,FedEx,FED-812955
761,1548,14,53,395,2026-05-29,2026-06-03,UPS,UPS-594405
762,1238,47,4,352,2026-06-07,2026-06-10,FedEx,FED-447003
763,2206,53,37,199,2026-05-29,2026-06-03,XPO,XPO-590896
764,2490,47,16,386,2026-06-10,2026-06-13,FedEx,FED-257203
765,2629,47,39,411,2026-06-03,2026-06-07,FedEx,FED-392922
766,3421,31,35,418,2026-06-07,2026-06-10,JB Hunt,JB -233136
767,2080,30,32,190,2026-06-05,2026-06-08,UPS,UPS-585457
768,1161,27,33,14,2026-05-31,2026-06-04,JB Hunt,JB -880466
769,1892,38,1,437,2026-06-06,2026-06-10,XPO,XPO-903818
770,4987,19,47,374,2026-05-30,2026-06-06,XPO,XPO-113236
771,2090,3,30,326,2026-06-05,2026-06-12,FedEx,FED-120239
772,1573,37,22,298,2026-05-29,2026-06-04,UPS,UPS-234989
773,1952,7,43,389,2026-05-29,2026-06-02,UPS,UPS-151775
774,4352,34,51,472,2026-06-01,2026-06-04,DHL,DHL-766978
775,1044,38,34,312,2026-06-08,2026-06-13,JB Hunt,JB -862653
776,2260,3,20,200,2026-06-06,2026-06-12,FedEx,FED-333176
777,51,33,16,225,2026-06-04,2026-06-09,XPO,XPO-423519
778,1168,4,52,470,2026-06-03,2026-06-08,DHL,DHL-934752
779,2078,32,38,365,2026-06-01,2026-06-07,FedEx,FED-241238
780,4900,42,52,348,2026-06-08,2026-06-13,JB Hunt,JB -260688
781,314,24,21,269,2026-06-03,2026-06-07,JB Hunt,JB -845653
782,62,36,27,104,2026-06-01,2026-06-08,JB Hunt,JB -228333
783,3218,35,36,320,2026-06-11,2026-06-15,FedEx,FED-411425
784,2290,35,36,348,2026-06-11,2026-06-18,FedEx,FED-680880
785,4191,17,40,133,2026-05-29,2026-06-04,FedEx,FED-522285
786,3103,31,22,35,2026-06-09,2026-06-15,DHL,DHL-209937
787,4582,11,29,495,2026-05-31,2026-06-03,UPS,UPS-717238
788,618,16,4,116,2026-06-09,2026-06-16,XPO,XPO-840654
789,3949,39,45,258,2026-06-08,2026-06-15,FedEx,FED-753228
790,1832,41,50,390,2026-06-10,2026-06-17,FedEx,FED-880273
791,346,15,31,423,2026-06-03,2026-06-09,DHL,DHL-927121
792,2298,7,38,115,2026-05-31,2026-06-06,XPO,XPO-380700
793,76,37,2,370,2026-06-01,2026-06-06,JB Hunt,JB -522460
794,4307,31,29,463,2026-05-31,2026-06-04,DHL,DHL-578911
795,2225,32,12,357,2026-06-07,2026-06-11,FedEx,FED-877888
796,134,26,20,320,2026-06-08,2026-06-11,UPS,UPS-292950
797,2971,8,16,233,2026-06-10,2026-06-15,UPS,UPS-498349
798,324,49,3,194,2026-06-08,2026-06-11,UPS,UPS-145832
799,3494,2,49,364,2026-06-06,2026-06-13,FedEx,FED-938066
800,2683,26,27,255,2026-06-06,2026-06-12,JB Hunt,JB -994433
801,1067,35,6,254,2026-06-04,2026-06-09,UPS,UPS-209887
802,2159,14,25,363,2026-06-01,2026-06-04,UPS,UPS-718352
803,3435,10,18,52,2026-06-10,2026-06-17,UPS,UPS-825622
804,2201,25,49,433,2026-06-10,2026-06-14,FedEx,FED-599460
805,3263,42,51,380,2026-05-31,2026-06-04,JB Hunt,JB -576909
806,1228,50,47,370,2026-06-02,2026-06-09,UPS,UPS-304343
807,3925,24,1,320,2026-05-31,2026-06-06,JB Hunt,JB -636964
808,1553,10,22,136,2026-05-31,2026-06-06,XPO,XPO-636905
809,1023,11,34,221,2026-06-09,2026-06-13,XPO,XPO-405275
810,2322,28,52,485,2026-05-31,2026-06-05,DHL,DHL-389239
811,1193,25,19,220,2026-05-30,2026-06-02,XPO,XPO-192215
812,32,49,13,146,2026-06-02,2026-06-06,UPS,UPS-813517
813,3081,29,27,493,2026-06-02,2026-06-05,FedEx,FED-186636
814,3720,13,17,258,2026-06-01,2026-06-06,UPS,UPS-990075
815,4676,2,36,478,2026-06-10,2026-06-15,FedEx,FED-662655
816,3575,4,44,454,2026-06-03,2026-06-06,FedEx,FED-703590
817,1421,22,9,256,2026-06-11,2026-06-16,JB Hunt,JB -120898
818,4868,25,53,75,2026-06-05,2026-06-10,DHL,DHL-249369
819,1068,3,49,95,2026-06-03,2026-06-07,FedEx,FED-521352
820,4355,30,18,292,2026-05-31,2026-06-04,JB Hunt,JB -370100
821,2395,36,5,60,2026-05-29,2026-06-05,DHL,DHL-998336
822,4195,9,1,367,2026-06-11,2026-06-16,JB Hunt,JB -536521
823,2857,37,44,331,2026-06-11,2026-06-16,DHL,DHL-164056
824,72,48,39,22,2026-06-01,2026-06-04,DHL,DHL-160286
825,4194,45,50,108,2026-06-09,2026-06-16,DHL,DHL-213471
826,3984,48,2,249,2026-06-04,2026-06-07,UPS,UPS-999223
827,4479,49,24,266,2026-05-30,2026-06-02,UPS,UPS-317970
828,4428,27,49,398,2026-06-02,2026-06-06,DHL,DHL-218509
829,3824,19,5,97,2026-06-01,2026-06-04,FedEx,FED-230878
830,1608,4,28,443,2026-06-04,2026-06-09,XPO,XPO-813753
831,3875,43,9,230,2026-06-04,2026-06-07,FedEx,FED-766562
832,4920,16,27,461,2026-06-11,2026-06-14,JB Hunt,JB -553119
833,1661,1,22,242,2026-06-04,2026-06-07,FedEx,FED-337942
834,2789,51,17,422,2026-05-29,2026-06-02,DHL,DHL-271899
835,4230,49,34,175,2026-06-03,2026-06-08,FedEx,FED-323996
836,3523,40,19,83,2026-06-08,2026-06-12,XPO,XPO-533298
837,310,31,14,352,2026-05-29,2026-06-01,JB Hunt,JB -347653
838,338,7,22,489,2026-06-05,2026-06-11,UPS,UPS-624083
839,4209,46,33,281,2026-06-01,2026-06-06,FedEx,FED-256778
840,1838,46,31,193,2026-06-03,2026-06-10,XPO,XPO-673469
841,1265,4,18,144,2026-06-02,2026-06-06,DHL,DHL-586007
842,1886,3,8,37,2026-06-07,2026-06-12,XPO,XPO-318910
843,3994,13,20,110,2026-06-01,2026-06-08,JB Hunt,JB -644620
844,4504,39,32,264,2026-05-31,2026-06-06,XPO,XPO-705611
845,3556,36,18,178,2026-06-09,2026-06-13,JB Hunt,JB -266084
846,263,5,38,379,2026-06-05,2026-06-11,DHL,DHL-286197
847,3997,25,27,218,2026-05-29,2026-06-02,DHL,DHL-768741
848,3174,12,10,404,2026-05-29,2026-06-04,UPS,UPS-260569
849,1670,39,40,442,2026-06-03,2026-06-10,XPO,XPO-863326
850,1905,44,38,70,2026-06-08,2026-06-15,XPO,XPO-200082
851,711,35,24,152,2026-06-09,2026-06-13,FedEx,FED-984886
852,1329,6,45,148,2026-06-10,2026-06-13,DHL,DHL-617973
853,766,29,14,302,2026-06-05,2026-06-11,UPS,UPS-782510
854,4742,47,49,401,2026-06-06,2026-06-12,XPO,XPO-419370
855,1509,40,22,413,2026-06-05,2026-06-10,XPO,XPO-515413
856,2571,42,20,132,2026-06-11,2026-06-17,XPO,XPO-116346
857,203,18,36,298,2026-05-29,2026-06-04,FedEx,FED-474304
858,4342,34,27,23,2026-06-01,2026-06-07,DHL,DHL-573076
859,2042,14,32,344,2026-06-03,2026-06-07,XPO,XPO-379298
860,527,47,17,296,2026-05-30,2026-06-04,FedEx,FED-288035
861,2389,13,12,328,2026-06-01,2026-06-05,JB Hunt,JB -866436
862,2789,13,12,249,2026-05-29,2026-06-04,DHL,DHL-942188
863,551,48,43,358,2026-05-30,2026-06-02,FedEx,FED-291280
864,2628,41,31,231,2026-06-07,2026-06-14,JB Hunt,JB -658784
865,2193,20,1,33,2026-06-08,2026-06-11,UPS,UPS-510287
866,1982,16,21,34,2026-06-06,2026-06-12,JB Hunt,JB -145978
867,37,21,11,320,2026-06-02,2026-06-06,JB Hunt,JB -435959
868,4958,27,47,21,2026-06-07,2026-06-14,JB Hunt,JB -554359
869,2316,35,11,212,2026-06-06,2026-06-13,FedEx,FED-241164
870,4361,11,24,378,2026-06-05,2026-06-08,XPO,XPO-395154
871,3032,23,36,225,2026-06-06,2026-06-10,DHL,DHL-238617
872,1882,20,44,316,2026-06-04,2026-06-11,DHL,DHL-767233
873,4321,8,2,469,2026-06-08,2026-06-13,JB Hunt,JB -634513
874,3224,10,34,497,2026-05-31,2026-06-06,FedEx,FED-122575
875,938,41,47,119,2026-06-07,2026-06-11,UPS,UPS-824758
876,455,12,31,451,2026-06-02,2026-06-07,FedEx,FED-877007
877,1359,21,42,459,2026-05-29,2026-06-04,FedEx,FED-250579
878,353,23,44,129,2026-06-03,2026-06-09,JB Hunt,JB -679794
879,1194,2,24,274,2026-06-04,2026-06-08,FedEx,FED-708496
880,3088,50,22,102,2026-06-02,2026-06-05,XPO,XPO-298633
881,4600,24,2,286,2026-06-11,2026-06-18,UPS,UPS-204999
882,3991,45,5,449,2026-06-11,2026-06-14,FedEx,FED-453996
883,1691,4,52,358,2026-06-04,2026-06-09,JB Hunt,JB -239347
884,947,8,20,78,2026-06-11,2026-06-18,XPO,XPO-399937
885,2221,21,39,155,2026-06-03,2026-06-07,FedEx,FED-284055
886,4893,42,37,304,2026-05-29,2026-06-03,DHL,DHL-335141
887,876,20,35,237,2026-06-08,2026-06-11,UPS,UPS-855616
888,4343,23,26,86,2026-06-03,2026-06-10,XPO,XPO-360016
889,1490,36,23,476,2026-05-29,2026-06-04,UPS,UPS-897760
890,2307,19,32,230,2026-05-30,2026-06-06,UPS,UPS-906602
891,1460,16,6,287,2026-05-31,2026-06-05,FedEx,FED-762870
892,3872,39,36,400,2026-05-31,2026-06-04,DHL,DHL-681788
893,4832,14,8,486,2026-06-07,2026-06-12,XPO,XPO-806542
894,504,14,35,492,2026-05-30,2026-06-02,XPO,XPO-227986
895,91,3,1,187,2026-06-10,2026-06-17,DHL,DHL-557728
896,599,20,32,403,2026-06-04,2026-06-10,DHL,DHL-427868
897,4790,40,9,69,2026-06-07,2026-06-13,DHL,DHL-989007
898,477,25,26,293,2026-06-04,2026-06-10,FedEx,FED-522331
899,227,25,31,482,2026-06-07,2026-06-11,XPO,XPO-258953
900,3362,35,23,363,2026-06-05,2026-06-12,JB Hunt,JB -355069
901,4440,30,9,404,2026-06-02,2026-06-05,FedEx,FED-738002
902,2536,27,46,267,2026-06-07,2026-06-11,JB Hunt,JB -539357
903,2942,29,42,283,2026-06-08,2026-06-12,FedEx,FED-191529
904,4512,1,45,99,2026-06-06,2026-06-12,UPS,UPS-723430
905,447,39,22,445,2026-06-01,2026-06-07,UPS,UPS-206132
906,4531,17,42,422,2026-06-04,2026-06-07,DHL,DHL-646626
907,4857,39,24,18,2026-06-10,2026-06-17,FedEx,FED-418595
908,609,35,9,115,2026-06-03,2026-06-09,JB Hunt,JB -101139
909,2717,18,33,150,2026-06-06,2026-06-13,DHL,DHL-706145
910,3842,25,34,268,2026-06-04,2026-06-10,XPO,XPO-977658
911,1140,1,38,362,2026-06-07,2026-06-12,JB Hunt,JB -600987
912,1448,22,9,173,2026-05-29,2026-06-02,JB Hunt,JB -368259
913,370,13,36,91,2026-05-30,2026-06-03,UPS,UPS-644208
914,4902,9,30,74,2026-06-09,2026-06-12,UPS,UPS-438212
915,1280,43,26,260,2026-06-10,2026-06-15,JB Hunt,JB -707575
916,3198,24,27,145,2026-06-08,2026-06-11,UPS,UPS-348220
917,4653,25,51,232,2026-06-02,2026-06-07,XPO,XPO-530658
918,1118,52,20,349,2026-06-05,2026-06-09,UPS,UPS-667867
919,4289,9,32,81,2026-06-06,2026-06-12,FedEx,FED-603537
920,2987,36,44,410,2026-05-31,2026-06-03,DHL,DHL-290458
921,3967,10,48,323,2026-06-09,2026-06-12,FedEx,FED-206294
922,3483,32,36,272,2026-06-02,2026-06-07,FedEx,FED-825344
923,4195,7,44,315,2026-06-10,2026-06-16,XPO,XPO-857352
924,1422,49,7,411,2026-06-07,2026-06-11,UPS,UPS-976238
925,3896,7,34,429,2026-06-06,2026-06-10,DHL,DHL-835056
926,3921,26,3,170,2026-06-09,2026-06-12,FedEx,FED-569934
927,2801,49,33,375,2026-06-08,2026-06-11,XPO,XPO-894933
928,2746,1,11,361,2026-06-06,2026-06-12,DHL,DHL-272887
929,1352,41,44,422,2026-05-30,2026-06-05,JB Hunt,JB -167065
930,2351,3,37,154,2026-06-08,2026-06-14,FedEx,FED-595132
931,3277,41,16,437,2026-06-05,2026-06-11,XPO,XPO-942510
932,4997,28,4,62,2026-06-08,2026-06-13,UPS,UPS-113437
933,633,24,8,474,2026-06-03,2026-06-10,DHL,DHL-972412
934,3562,13,26,167,2026-06-05,2026-06-09,FedEx,FED-481675
935,4352,50,24,486,2026-06-06,2026-06-12,JB Hunt,JB -302375
936,1201,48,45,489,2026-06-11,2026-06-17,UPS,UPS-648070
937,1203,40,39,338,2026-06-10,2026-06-16,UPS,UPS-674519
938,2972,29,19,323,2026-06-02,2026-06-07,JB Hunt,JB -809591
939,2661,44,30,483,2026-06-06,2026-06-12,FedEx,FED-328615
940,2939,34,8,411,2026-05-30,2026-06-03,JB Hunt,JB -667489
941,2743,16,52,292,2026-06-10,2026-06-14,DHL,DHL-705907
942,2434,40,35,176,2026-06-04,2026-06-10,UPS,UPS-325966
943,1957,6,18,361,2026-06-09,2026-06-16,XPO,XPO-459230
944,424,16,1,330,2026-06-09,2026-06-12,XPO,XPO-103351
945,607,32,46,142,2026-06-07,2026-06-12,FedEx,FED-935582
946,1233,20,4,277,2026-06-07,2026-06-12,FedEx,FED-284051
947,302,48,34,412,2026-05-30,2026-06-06,FedEx,FED-612981
948,2600,43,6,357,2026-06-06,2026-06-09,DHL,DHL-506409
949,4998,51,49,493,2026-06-10,2026-06-17,UPS,UPS-178932
950,759,43,4,110,2026-06-07,2026-06-11,FedEx,FED-715467
951,3639,15,10,433,2026-06-05,2026-06-11,FedEx,FED-413627
952,1980,21,45,138,2026-06-07,2026-06-12,XPO,XPO-128990
953,3978,40,30,483,2026-06-08,2026-06-13,UPS,UPS-518968
954,2097,8,30,106,2026-06-02,2026-06-08,JB Hunt,JB -834975
955,479,30,33,303,2026-06-03,2026-06-06,XPO,XPO-735664
956,2689,50,45,453,2026-06-04,2026-06-09,XPO,XPO-965388
957,2868,5,39,408,2026-06-06,2026-06-12,UPS,UPS-819042
958,282,27,13,14,2026-06-02,2026-06-09,UPS,UPS-772165
959,613,33,36,415,2026-05-29,2026-06-01,UPS,UPS-683959
960,4127,12,36,335,2026-06-06,2026-06-13,UPS,UPS-552067
961,4080,39,4,384,2026-06-09,2026-06-15,JB Hunt,JB -625817
962,283,45,21,151,2026-05-30,2026-06-04,FedEx,FED-315261
963,259,20,32,487,2026-06-09,2026-06-14,DHL,DHL-187492
964,1586,10,5,270,2026-06-07,2026-06-11,XPO,XPO-986850
965,4344,4,8,479,2026-05-29,2026-06-01,UPS,UPS-390972
966,3944,10,14,257,2026-06-08,2026-06-13,FedEx,FED-510378
967,3891,16,29,42,2026-06-04,2026-06-08,XPO,XPO-772868
968,4207,4,37,132,2026-06-07,2026-06-14,DHL,DHL-403861
969,2712,53,13,411,2026-06-07,2026-06-10,FedEx,FED-900122
970,3872,13,18,480,2026-06-05,2026-06-11,UPS,UPS-124543
971,1000,19,25,451,2026-06-11,2026-06-15,DHL,DHL-705206
972,4460,29,25,382,2026-06-11,2026-06-18,FedEx,FED-888717
973,4941,25,38,318,2026-06-08,2026-06-14,UPS,UPS-619296
974,962,1,37,457,2026-06-06,2026-06-13,FedEx,FED-257520
975,237,12,6,63,2026-06-05,2026-06-10,XPO,XPO-335332
976,3646,12,19,158,2026-06-05,2026-06-12,XPO,XPO-236347
977,2239,41,4,155,2026-06-10,2026-06-13,XPO,XPO-802850
978,3897,33,18,107,2026-06-11,2026-06-14,FedEx,FED-439958
979,1647,42,53,331,2026-06-05,2026-06-10,JB Hunt,JB -398665
980,1642,20,35,294,2026-06-05,2026-06-09,UPS,UPS-758618
981,1189,19,18,383,2026-06-01,2026-06-06,XPO,XPO-713909
982,1245,34,33,128,2026-06-01,2026-06-05,UPS,UPS-617107
983,2935,42,49,208,2026-06-05,2026-06-11,UPS,UPS-619383
984,2173,20,35,20,2026-06-06,2026-06-13,FedEx,FED-933028
985,2032,22,38,332,2026-06-01,2026-06-06,DHL,DHL-731025
986,1318,1,24,144,2026-06-06,2026-06-10,FedEx,FED-346262
987,802,20,22,379,2026-06-07,2026-06-12,XPO,XPO-847002
988,2925,40,10,485,2026-06-01,2026-06-08,JB Hunt,JB -154155
989,4976,36,40,185,2026-05-31,2026-06-06,JB Hunt,JB -560627
990,1070,48,31,472,2026-06-02,2026-06-08,UPS,UPS-900741
991,3846,26,7,45,2026-06-06,2026-06-10,UPS,UPS-404440
992,4965,13,15,62,2026-06-08,2026-06-12,JB Hunt,JB -319696
993,3366,29,37,20,2026-06-02,2026-06-08,UPS,UPS-944447
994,1633,37,49,318,2026-06-03,2026-06-07,JB Hunt,JB -876088
995,2356,45,43,317,2026-05-31,2026-06-05,JB Hunt,JB -999987
996,1307,3,48,197,2026-06-04,2026-06-09,FedEx,FED-658736
997,2236,25,14,285,2026-06-08,2026-06-11,DHL,DHL-490790
998,1791,48,49,21,2026-05-29,2026-06-01,DHL,DHL-700977
999,3907,12,24,368,2026-06-10,2026-06-14,DHL,DHL-515436
1000,1998,25,26,195,2026-05-29,2026-06-01,DHL,DHL-356038
