snapshot_id,snapshot_date,sku_id,location_id,opening_stock,receipts,sales,transfers_in,transfers_out,adjustments,closing_stock
1,2026-08-14,12764,29,240,95,17,47,33,-1,331
2,2026-01-21,10264,39,400,82,1,18,7,-6,486
3,2026-07-22,13722,36,384,22,64,10,0,2,354
4,2026-07-06,12227,6,364,33,73,32,19,-3,334
5,2026-10-02,11794,26,267,48,16,47,13,2,335
6,2026-08-11,13319,53,94,95,71,38,4,4,156
7,2026-04-09,10889,7,194,21,6,23,41,3,194
8,2026-04-10,11334,35,39,46,77,49,21,-10,26
9,2026-04-18,11653,41,54,8,27,38,0,-1,72
10,2026-10-02,14619,51,475,4,30,17,5,8,469
11,2026-01-12,12314,26,247,5,6,20,5,-1,260
12,2026-03-23,10798,22,256,24,40,48,25,1,264
13,2026-01-19,13131,31,208,94,64,6,32,-6,206
14,2026-02-21,10765,46,300,4,37,10,9,4,272
15,2026-09-17,14987,42,118,27,18,49,45,-5,126
16,2026-06-10,12952,40,267,98,43,28,50,-6,294
17,2026-04-07,14972,5,438,55,5,45,49,2,486
18,2026-01-05,12536,36,490,19,72,40,31,-7,439
19,2026-06-06,12422,11,444,100,11,31,6,4,562
20,2026-02-06,13775,17,34,35,73,23,22,-8,-11
21,2026-10-16,10325,24,242,32,56,41,8,-7,244
22,2026-08-12,14199,40,439,36,51,26,39,-6,405
23,2026-09-15,12154,44,487,40,47,5,43,3,445
24,2026-12-27,14595,1,21,79,7,47,50,-3,87
25,2026-07-28,10598,15,79,13,37,24,10,8,77
26,2026-11-18,13809,7,198,59,11,22,29,4,243
27,2026-04-13,12693,5,43,23,13,25,49,3,32
28,2026-02-09,13724,3,162,43,77,31,13,5,151
29,2026-06-19,10257,39,279,19,60,9,40,-4,203
30,2026-08-07,10444,14,396,48,7,23,50,3,413
31,2026-03-03,11162,5,444,2,54,17,16,10,403
32,2026-07-17,11754,43,140,51,10,19,45,4,159
33,2026-06-25,12433,11,457,33,23,3,5,3,468
34,2026-12-26,11317,45,101,44,53,30,30,7,99
35,2026-10-07,10638,47,223,45,73,24,0,7,226
36,2026-01-05,13758,10,341,74,78,9,20,0,326
37,2026-05-17,10031,29,255,40,14,50,43,3,291
38,2026-01-07,11538,27,482,16,57,40,37,-7,437
39,2026-06-07,11566,44,356,69,21,38,24,-4,414
40,2026-05-17,11022,45,295,1,47,23,1,-1,270
41,2026-06-27,14444,28,255,83,58,26,26,1,281
42,2026-07-12,11450,36,267,97,42,7,11,4,322
43,2026-11-23,13584,41,304,20,69,27,24,-1,257
44,2026-02-21,10135,40,145,89,79,6,5,-7,149
45,2026-09-04,13639,33,477,52,13,31,47,9,509
46,2026-08-18,13122,8,297,4,37,26,13,-3,274
47,2026-07-27,13243,1,100,60,15,22,50,4,121
48,2026-11-09,12519,51,481,47,28,32,18,-2,512
49,2026-01-01,11257,51,465,53,30,0,26,-9,453
50,2026-10-14,11982,36,191,66,76,20,21,-5,175
51,2026-01-26,14734,28,498,50,24,39,41,2,524
52,2026-06-17,11298,28,65,81,49,46,11,2,134
53,2026-10-26,13212,49,118,12,16,32,7,10,149
54,2026-02-03,10211,28,321,33,70,10,20,-4,270
55,2026-12-18,10646,37,5,80,75,9,1,9,27
56,2026-06-06,11964,42,195,3,16,29,40,10,181
57,2026-12-25,13098,50,459,28,38,12,34,-3,424
58,2026-11-01,14747,7,133,84,6,17,5,-6,217
59,2026-05-09,11480,6,56,58,76,7,6,-6,33
60,2026-08-26,10180,27,39,63,46,13,25,-7,37
61,2026-07-11,13694,52,37,62,80,4,13,3,13
62,2026-11-20,10258,8,82,23,38,0,11,8,64
63,2026-09-01,11298,34,499,43,44,30,39,9,498
64,2026-09-01,14244,33,379,32,15,12,38,-10,360
65,2026-01-11,11136,15,389,19,27,23,7,-4,393
66,2026-04-03,12856,46,42,93,16,17,17,5,124
67,2026-07-17,13277,13,282,83,37,29,47,5,315
68,2026-07-04,14782,51,128,22,25,43,45,-2,121
69,2026-12-16,13551,29,392,75,39,10,50,-4,384
70,2026-10-13,13517,13,216,76,34,20,39,-7,232
71,2026-03-02,14190,17,290,45,47,40,4,4,328
72,2026-06-13,10246,8,300,52,37,38,41,6,318
73,2026-04-03,11763,43,92,41,54,50,11,1,119
74,2026-01-11,10090,46,190,47,18,49,20,-7,241
75,2026-04-18,10543,25,168,27,59,36,50,0,122
76,2026-09-09,14980,52,145,77,27,33,13,-7,208
77,2026-11-25,13566,21,440,85,9,36,41,3,514
78,2026-08-02,12249,27,416,40,25,12,3,5,445
79,2026-10-13,11937,37,61,15,57,10,38,0,-9
80,2026-01-15,12330,9,10,36,2,41,50,8,43
81,2026-06-21,10134,5,430,51,4,34,33,-9,469
82,2026-06-25,12833,26,240,12,53,46,19,-2,224
83,2026-07-10,13724,32,40,71,40,31,39,-9,54
84,2026-01-08,10392,53,434,82,15,23,39,-7,478
85,2026-04-06,10722,13,5,17,13,20,44,3,-12
86,2026-05-26,10353,8,370,47,68,0,44,-9,296
87,2026-07-09,11396,9,24,38,9,16,21,9,57
88,2026-10-28,13386,41,298,58,15,8,20,-6,323
89,2026-10-16,14015,18,228,85,15,33,33,-3,295
90,2026-05-23,10679,23,164,98,61,14,5,-2,208
91,2026-08-02,11741,1,285,31,26,44,4,-8,322
92,2026-02-11,11710,53,343,27,59,24,12,5,328
93,2026-12-15,11262,33,302,97,67,32,20,-1,343
94,2026-10-17,11664,50,54,16,28,23,24,4,45
95,2026-11-10,14729,42,204,24,8,17,27,-5,205
96,2026-04-01,13776,12,52,18,59,6,47,-7,-37
97,2026-06-09,10970,36,136,3,60,42,33,4,92
98,2026-09-14,14161,22,43,45,55,13,9,2,39
99,2026-11-13,13462,13,27,56,34,23,6,-9,57
100,2026-09-20,14044,34,150,24,51,11,38,-2,94
101,2026-04-04,10436,3,221,13,6,41,15,-7,247
102,2026-05-08,13315,26,294,34,30,4,34,-7,261
103,2026-08-07,11402,51,201,12,28,46,44,-2,185
104,2026-12-01,10773,12,104,44,36,45,38,-1,118
105,2026-12-08,11395,21,257,89,79,30,47,-1,249
106,2026-03-01,13888,28,348,8,21,11,21,4,329
107,2026-11-25,10080,39,171,2,22,16,4,-5,158
108,2026-08-04,10371,53,180,60,74,0,31,-3,132
109,2026-03-25,11201,50,8,72,37,14,33,6,30
110,2026-08-24,12874,35,48,12,38,47,21,4,52
111,2026-01-27,12889,20,131,84,62,16,23,4,150
112,2026-08-04,12212,44,363,42,66,49,42,9,355
113,2026-11-05,12927,32,265,93,2,9,26,-3,336
114,2026-06-07,10732,13,15,31,73,47,44,3,-21
115,2026-08-17,11434,17,471,48,13,17,40,7,490
116,2026-07-09,12534,13,466,86,44,21,25,8,512
117,2026-02-14,13728,37,21,74,66,44,21,9,61
118,2026-11-05,13821,44,495,44,36,7,0,5,515
119,2026-05-16,12362,5,76,66,37,39,35,-5,104
120,2026-05-27,14859,8,409,37,1,29,2,-4,468
121,2026-11-27,10006,4,27,62,39,0,27,1,24
122,2026-11-25,14594,10,128,17,44,18,50,6,75
123,2026-07-19,10662,19,488,11,34,9,46,-4,424
124,2026-07-14,13270,7,112,4,60,22,15,10,73
125,2026-10-14,12642,52,457,33,38,38,19,-5,466
126,2026-09-07,12467,20,296,17,25,16,8,3,299
127,2026-03-13,13580,7,43,38,72,40,29,7,27
128,2026-11-23,12930,30,70,67,56,44,20,6,111
129,2026-01-18,10217,50,181,54,59,26,26,4,180
130,2026-10-17,13057,9,215,11,17,39,19,-3,226
131,2026-03-13,10049,30,317,69,72,18,3,2,331
132,2026-01-09,10877,22,413,97,66,29,3,-8,462
133,2026-01-04,14790,44,304,12,37,36,30,0,285
134,2026-03-18,14058,9,261,94,6,44,13,6,386
135,2026-12-01,13973,40,114,86,19,19,40,-1,159
136,2026-10-04,14259,7,352,25,14,4,0,-6,361
137,2026-08-13,10456,8,126,26,13,30,1,6,174
138,2026-05-27,13598,43,153,51,61,11,15,7,146
139,2026-03-05,11972,11,315,15,55,9,40,-10,234
140,2026-05-10,10820,38,261,94,69,12,30,5,273
141,2026-08-14,13481,10,252,47,35,25,24,-7,258
142,2026-01-19,12481,3,14,36,58,7,36,2,-35
143,2026-03-15,13755,18,330,83,79,28,2,1,361
144,2026-06-23,14302,25,4,20,45,32,32,-4,-25
145,2026-11-24,14614,22,262,8,22,41,9,1,281
146,2026-07-03,13963,25,235,91,17,17,50,-1,275
147,2026-12-17,14305,17,492,60,77,42,11,8,514
148,2026-10-20,13308,5,66,89,41,37,37,1,115
149,2026-08-22,13903,21,23,3,20,14,6,-7,7
150,2026-07-03,10508,40,389,29,30,6,11,2,385
151,2026-06-20,10242,12,128,14,4,47,4,4,185
152,2026-10-18,11637,13,164,13,57,24,8,10,146
153,2026-04-24,11328,28,129,62,56,43,18,-3,157
154,2026-11-22,10789,14,416,67,24,5,37,-10,417
155,2026-10-18,10590,22,17,17,0,23,49,3,11
156,2026-10-27,13881,33,94,87,67,31,12,-4,129
157,2026-08-14,13082,5,180,45,79,35,8,-8,165
158,2026-02-04,14086,15,291,10,16,50,33,-1,301
159,2026-05-27,12060,25,26,76,69,21,1,-3,50
160,2026-09-19,11978,34,360,45,8,10,18,-8,381
161,2026-01-18,10909,38,477,78,64,19,25,9,494
162,2026-05-07,12741,49,241,33,3,2,21,3,255
163,2026-11-02,11931,32,30,17,26,35,46,0,10
164,2026-06-03,13410,39,37,72,78,44,48,-9,18
165,2026-05-24,10342,7,378,78,10,35,30,-6,445
166,2026-07-16,12486,51,18,63,64,14,41,1,-9
167,2026-09-20,13108,44,435,29,2,3,1,-4,460
168,2026-07-25,13091,45,350,94,2,35,30,-9,438
169,2026-08-04,13013,23,64,55,54,35,8,-7,85
170,2026-02-19,10083,15,99,43,55,3,15,-3,72
171,2026-12-08,10466,5,211,95,68,36,2,-10,262
172,2026-06-12,14935,42,29,16,56,11,18,-9,-27
173,2026-08-22,11003,43,455,31,37,8,38,2,421
174,2026-12-24,12925,15,39,9,32,34,13,5,42
175,2026-05-28,12001,34,227,91,38,23,49,7,261
176,2026-02-02,12840,27,457,34,40,44,34,6,467
177,2026-03-27,14268,15,361,79,62,17,5,-4,386
178,2026-12-27,11163,3,156,94,70,13,7,1,187
179,2026-02-01,14088,3,500,30,56,41,48,4,471
180,2026-01-09,14996,25,138,35,75,24,19,-8,95
181,2026-04-07,13108,12,253,2,48,24,28,-9,194
182,2026-01-18,12850,2,337,55,68,3,42,-1,284
183,2026-04-25,10225,22,465,77,43,16,48,8,475
184,2026-02-18,13180,47,371,79,55,27,50,-9,363
185,2026-10-24,14656,50,477,86,36,34,29,3,535
186,2026-03-01,12300,52,265,33,20,24,29,-3,270
187,2026-05-11,14679,26,349,35,10,15,49,7,347
188,2026-11-26,14981,1,19,78,35,23,17,-2,66
189,2026-03-15,13791,2,63,39,72,42,20,-2,50
190,2026-11-28,14560,14,225,1,59,2,22,5,152
191,2026-09-11,10525,29,209,7,74,5,17,9,139
192,2026-04-21,11430,10,92,33,35,16,31,-6,69
193,2026-01-06,14152,29,446,79,6,14,7,10,536
194,2026-01-23,12123,17,296,40,5,35,45,-3,318
195,2026-10-08,12865,7,8,86,45,34,45,-9,29
196,2026-04-07,12669,37,39,64,56,7,32,-8,14
197,2026-05-05,10203,21,190,87,53,4,41,3,190
198,2026-06-16,12409,40,310,100,46,21,26,10,369
199,2026-10-01,10871,39,15,20,47,2,18,-6,-34
200,2026-10-23,12819,14,108,40,65,45,49,6,85
201,2026-07-25,10643,5,193,74,4,42,46,-6,253
202,2026-09-24,13425,35,490,28,72,32,36,10,452
203,2026-11-17,14263,29,375,15,67,3,38,5,293
204,2026-06-08,12966,15,162,34,24,36,18,-3,187
205,2026-12-14,12965,6,233,40,14,44,15,4,292
206,2026-08-20,11888,29,180,71,64,4,23,10,178
207,2026-04-25,13340,44,402,53,29,36,8,7,461
208,2026-06-11,10967,6,299,85,17,38,16,-1,388
209,2026-11-25,11623,12,209,53,64,9,36,5,176
210,2026-05-25,14544,46,448,58,1,10,7,3,511
211,2026-01-23,11368,5,476,60,12,8,2,3,533
212,2026-03-13,14563,16,67,65,67,24,27,1,63
213,2026-10-20,10883,47,364,37,15,21,21,8,394
214,2026-08-24,13570,19,23,9,45,28,26,10,-1
215,2026-09-03,11248,1,387,61,17,46,11,8,474
216,2026-07-11,13593,12,303,75,47,43,41,4,337
217,2026-04-10,14042,22,260,92,75,17,49,-7,238
218,2026-07-10,12645,25,24,72,66,33,37,6,32
219,2026-07-17,12280,37,163,96,22,9,2,-4,240
220,2026-03-04,12359,18,450,78,40,6,22,-1,471
221,2026-10-25,10870,15,249,56,28,10,18,-2,267
222,2026-09-25,11384,2,341,35,18,6,13,7,358
223,2026-08-27,10212,24,306,5,69,34,12,-10,254
224,2026-09-05,13718,19,104,36,73,27,46,4,52
225,2026-05-03,11121,18,470,14,15,28,27,5,475
226,2026-12-03,12680,11,374,85,14,22,5,-3,459
227,2026-11-25,10607,46,259,42,35,29,40,6,261
228,2026-06-07,14573,43,352,40,4,27,6,6,415
229,2026-04-05,14804,25,428,80,4,40,40,-10,494
230,2026-08-27,11533,47,446,28,25,16,30,-6,429
231,2026-09-28,11755,1,254,36,16,12,40,-8,238
232,2026-12-06,10318,27,222,8,62,35,39,-4,160
233,2026-04-21,12857,31,352,33,78,24,40,8,299
234,2026-11-16,14016,51,271,84,23,19,14,-1,336
235,2026-05-04,11794,8,322,50,76,22,34,5,289
236,2026-04-22,13481,8,493,96,36,26,28,0,551
237,2026-12-13,11050,50,90,59,40,42,7,1,145
238,2026-01-10,12195,33,451,61,62,38,26,-3,459
239,2026-05-22,12602,27,110,100,52,3,35,0,126
240,2026-05-16,11794,22,200,56,54,25,16,-9,202
241,2026-10-06,14392,14,325,5,39,28,26,-3,290
242,2026-03-20,14422,2,399,80,14,39,39,0,465
243,2026-06-25,14530,5,486,92,2,24,5,0,595
244,2026-04-06,14389,26,335,6,66,13,23,7,272
245,2026-06-14,11767,36,440,91,29,18,10,1,511
246,2026-02-17,13260,51,375,31,1,2,1,6,412
247,2026-04-21,12026,3,248,5,20,18,19,-10,222
248,2026-07-05,12212,6,139,95,15,50,24,10,255
249,2026-01-01,14438,39,39,9,64,46,45,3,-12
250,2026-04-27,14962,20,470,19,12,47,37,2,489
251,2026-05-09,13760,13,401,41,54,32,47,-10,363
252,2026-07-03,11821,27,51,33,73,30,24,-1,16
253,2026-09-08,13133,2,287,35,61,18,44,7,242
254,2026-12-04,13705,15,254,93,50,23,48,7,279
255,2026-06-16,14614,7,295,3,50,49,14,4,287
256,2026-02-18,11387,14,329,39,42,9,40,-8,287
257,2026-07-20,13880,34,442,62,75,15,5,-6,433
258,2026-05-14,12552,48,370,72,29,3,49,5,372
259,2026-10-14,10046,18,172,19,4,20,44,8,171
260,2026-08-11,11932,21,353,26,71,50,31,7,334
261,2026-02-14,10635,25,236,90,61,32,35,-8,254
262,2026-03-07,13585,8,65,96,1,10,33,-7,130
263,2026-08-05,14482,27,19,54,63,10,40,6,-14
264,2026-12-22,12221,34,204,1,37,7,27,-1,147
265,2026-03-10,14287,44,165,78,47,36,41,-5,186
266,2026-08-15,11726,22,104,78,47,33,38,-2,128
267,2026-01-11,13411,12,474,95,17,10,33,5,534
268,2026-04-23,10769,35,76,60,8,0,19,-4,105
269,2026-10-06,10547,23,234,42,12,3,39,4,232
270,2026-04-09,12329,53,325,71,28,22,40,-10,340
271,2026-10-25,13304,17,466,54,74,46,19,1,474
272,2026-02-24,11774,18,287,69,25,4,37,-6,292
273,2026-10-21,13138,22,91,33,72,6,8,6,56
274,2026-11-16,11715,11,294,98,75,38,17,9,347
275,2026-03-05,11351,31,1,100,29,13,5,9,89
276,2026-09-26,13602,28,447,0,41,4,3,-6,401
277,2026-04-18,13222,25,340,60,41,19,32,-7,339
278,2026-06-17,10641,39,396,49,60,22,19,6,394
279,2026-07-18,13618,32,431,27,21,40,17,-6,454
280,2026-07-21,12853,12,355,100,32,43,7,7,466
281,2026-12-14,11752,40,12,46,59,49,42,1,7
282,2026-04-15,12958,34,286,24,48,23,11,-10,264
283,2026-06-09,14119,1,99,0,75,19,21,-7,15
284,2026-08-13,10360,45,310,34,4,41,17,10,374
285,2026-01-28,13857,39,360,32,35,40,3,8,402
286,2026-09-26,10852,3,323,58,62,11,30,10,310
287,2026-03-03,13438,8,189,3,78,45,9,-5,145
288,2026-05-28,11591,42,28,56,7,20,6,7,98
289,2026-12-06,14808,47,314,94,2,21,43,0,384
290,2026-07-27,10504,5,483,46,66,0,42,2,423
291,2026-02-06,13633,3,98,97,64,9,46,-2,92
292,2026-03-21,10027,20,141,77,25,44,32,3,208
293,2026-10-27,10706,37,140,71,44,7,21,4,157
294,2026-12-03,11521,21,476,59,11,7,5,-5,521
295,2026-04-21,13069,30,302,80,2,49,10,-10,409
296,2026-04-24,11088,20,41,92,31,19,43,10,88
297,2026-10-11,13392,15,27,48,36,11,17,-6,27
298,2026-05-23,13602,17,427,24,34,12,11,-1,417
299,2026-11-17,13684,41,47,62,45,37,23,1,79
300,2026-09-19,11726,45,351,21,4,37,24,-6,375
301,2026-09-27,12204,6,222,44,36,13,21,6,228
302,2026-05-02,10945,34,262,98,26,16,13,4,341
303,2026-10-11,13050,37,337,80,23,30,8,4,420
304,2026-11-12,10065,11,193,84,75,2,20,-7,177
305,2026-03-12,12510,11,215,60,42,21,41,-7,206
306,2026-10-15,14863,37,239,69,23,48,1,4,336
307,2026-12-12,14923,22,355,55,51,30,15,-2,372
308,2026-09-04,13449,28,247,86,51,19,2,-3,296
309,2026-03-17,11364,20,396,34,73,25,37,-10,335
310,2026-03-22,12730,51,453,76,67,12,36,-6,432
311,2026-06-15,13244,11,491,6,11,19,50,-6,449
312,2026-05-03,11513,16,235,0,18,12,11,-1,217
313,2026-03-22,14550,50,439,26,55,5,46,-3,366
314,2026-08-18,13229,45,191,0,61,10,22,-7,111
315,2026-02-13,11053,21,108,60,48,29,45,-3,101
316,2026-11-24,13479,39,390,17,51,49,20,-1,384
317,2026-01-08,14986,12,201,68,9,22,31,8,259
318,2026-01-20,14909,49,393,30,47,23,21,6,384
319,2026-01-07,12474,28,203,9,29,8,31,-4,156
320,2026-03-10,12549,25,47,43,49,41,11,3,74
321,2026-03-13,14239,7,345,61,4,16,26,-5,387
322,2026-11-28,13314,52,238,10,44,43,46,-7,194
323,2026-09-13,13725,1,413,1,20,20,8,8,414
324,2026-05-14,12119,48,248,83,51,27,49,-9,249
325,2026-08-23,12745,35,324,14,77,28,32,1,258
326,2026-09-25,13142,44,497,46,14,50,11,3,571
327,2026-05-07,14219,53,40,19,0,21,45,8,43
328,2026-05-02,10996,32,314,93,58,27,3,4,377
329,2026-05-14,12765,44,235,46,6,38,43,1,271
330,2026-05-12,13417,2,151,98,3,34,17,-5,258
331,2026-02-12,10300,35,228,41,38,40,2,9,278
332,2026-02-05,11185,41,378,50,31,11,5,7,410
333,2026-04-27,14289,37,252,55,35,22,29,9,274
334,2026-03-20,10829,25,234,5,9,20,23,-9,218
335,2026-07-13,10184,12,262,92,10,21,40,-1,324
336,2026-07-04,11570,37,486,95,32,46,41,-8,546
337,2026-12-26,10401,24,133,38,78,32,34,-3,88
338,2026-12-23,11522,18,293,60,27,48,27,-2,345
339,2026-11-10,12234,1,256,85,5,38,25,-5,344
340,2026-05-09,13789,39,208,26,2,50,26,-6,250
341,2026-01-23,12660,15,404,81,40,6,14,-3,434
342,2026-08-19,13447,41,32,78,36,46,45,9,84
343,2026-01-11,12791,21,304,42,69,24,30,7,278
344,2026-04-18,11393,44,177,56,19,29,47,5,201
345,2026-02-21,13986,36,199,32,51,2,42,8,148
346,2026-05-10,12584,29,176,10,26,47,33,1,175
347,2026-03-20,12881,37,345,59,3,9,39,8,379
348,2026-12-16,11923,25,220,53,2,48,18,7,308
349,2026-02-13,11789,14,471,68,16,24,38,-7,502
350,2026-09-14,12884,49,56,73,37,11,10,2,95
351,2026-11-04,12604,33,111,53,76,17,20,1,86
352,2026-08-10,13682,11,274,68,50,14,25,5,286
353,2026-06-25,13802,42,473,22,51,18,0,7,469
354,2026-07-14,13362,13,88,87,12,24,37,10,160
355,2026-10-17,10660,39,325,3,79,14,8,9,264
356,2026-04-06,14664,41,292,93,52,1,20,9,323
357,2026-11-13,14523,33,241,87,11,23,1,9,348
358,2026-03-16,11637,21,442,24,20,29,23,-3,449
359,2026-08-15,12008,44,67,37,8,1,13,8,92
360,2026-09-21,10911,52,308,56,30,50,11,4,377
361,2026-01-24,10265,44,309,42,20,15,29,-8,309
362,2026-07-09,14402,8,346,52,66,30,24,-8,330
363,2026-08-16,10490,19,366,99,77,41,34,-10,385
364,2026-11-21,13605,28,415,50,5,23,25,6,464
365,2026-02-24,11385,24,403,15,13,9,16,8,406
366,2026-04-09,10796,22,211,84,43,9,15,5,251
367,2026-04-25,12130,22,328,88,9,29,45,5,396
368,2026-12-09,14655,18,151,88,56,21,50,4,158
369,2026-01-08,13039,37,304,4,17,9,33,-1,266
370,2026-10-21,12497,31,185,91,37,19,45,-5,208
371,2026-03-20,12395,25,365,56,37,9,47,-6,340
372,2026-05-05,14787,1,131,81,29,1,13,8,179
373,2026-08-20,11396,23,132,46,65,47,33,2,129
374,2026-06-13,13976,42,329,19,75,32,20,6,291
375,2026-01-22,10531,22,86,67,61,11,30,2,75
376,2026-10-25,10980,42,115,39,26,14,9,-2,131
377,2026-01-27,14294,15,100,45,63,29,36,10,85
378,2026-11-04,12700,33,379,25,46,42,2,2,400
379,2026-02-26,10459,29,34,34,70,34,47,7,-8
380,2026-12-21,12008,15,290,66,31,15,16,-5,319
381,2026-05-18,12274,6,353,91,58,11,2,9,404
382,2026-01-07,11865,16,380,24,8,8,33,-1,370
383,2026-09-26,10419,21,299,97,74,30,29,-7,316
384,2026-08-03,13900,13,404,81,9,12,30,-7,451
385,2026-05-19,10079,38,51,69,75,13,38,5,25
386,2026-10-26,13738,1,220,14,56,49,41,-4,182
387,2026-11-06,12693,33,128,96,52,38,17,5,198
388,2026-09-08,12795,18,247,65,36,41,19,-2,296
389,2026-02-25,11493,32,347,71,64,19,40,4,337
390,2026-03-03,13540,44,3,40,65,30,31,-5,-28
391,2026-03-07,10891,49,155,12,56,21,40,7,99
392,2026-09-16,10844,44,118,27,39,32,19,0,119
393,2026-06-06,11573,50,153,78,26,36,43,-6,192
394,2026-06-17,13882,42,202,100,21,10,39,-5,247
395,2026-04-09,13867,20,304,100,53,49,46,-2,352
396,2026-12-11,13685,20,189,18,39,21,46,1,144
397,2026-07-02,13349,23,217,72,50,48,26,-10,251
398,2026-12-07,11709,43,330,17,58,49,17,-10,311
399,2026-07-26,13133,21,366,32,37,23,1,0,383
400,2026-08-28,12245,7,285,71,25,13,39,6,311
401,2026-12-19,13850,3,38,31,20,20,46,5,28
402,2026-04-09,14971,38,399,84,49,44,45,5,438
403,2026-05-18,13027,29,192,7,12,3,40,0,150
404,2026-06-25,13390,53,472,36,14,30,8,-8,508
405,2026-09-03,13591,16,77,19,75,19,36,-4,0
406,2026-09-17,12388,45,167,73,69,48,42,-2,175
407,2026-06-25,13653,48,11,17,8,50,44,0,26
408,2026-08-12,12729,13,452,27,23,20,29,-3,444
409,2026-03-04,13366,28,346,90,33,16,38,-10,371
410,2026-06-01,14635,28,202,62,6,33,3,6,294
411,2026-05-19,12735,41,16,64,41,50,34,5,60
412,2026-02-18,11297,52,34,94,9,36,5,7,157
413,2026-04-25,10599,50,262,11,73,29,39,10,200
414,2026-11-11,10599,12,350,55,35,29,28,-6,365
415,2026-01-13,14709,19,331,73,43,29,33,3,360
416,2026-06-14,11233,17,3,79,49,1,0,-3,31
417,2026-09-15,11642,50,438,28,74,43,49,0,386
418,2026-04-25,11215,14,420,73,45,45,36,-6,451
419,2026-01-25,11044,35,157,23,12,1,34,9,144
420,2026-04-10,11338,28,178,8,41,20,14,-4,147
421,2026-03-15,11009,25,138,29,27,49,22,-10,157
422,2026-08-13,11628,14,13,56,26,24,3,4,68
423,2026-09-19,14232,8,394,48,75,7,5,-5,364
424,2026-06-24,12596,27,83,96,26,7,31,9,138
425,2026-05-17,10918,30,97,26,11,32,23,5,126
426,2026-06-12,12540,5,8,0,48,26,25,-7,-46
427,2026-11-21,13193,31,222,83,38,14,44,-8,229
428,2026-03-19,10076,9,8,35,41,2,9,-3,-8
429,2026-01-20,11719,48,265,19,17,44,30,-9,272
430,2026-07-06,11431,34,338,37,47,39,26,-5,336
431,2026-01-16,11672,20,494,19,23,23,7,-5,501
432,2026-01-26,10212,22,206,80,47,16,39,0,216
433,2026-01-18,13089,49,14,60,4,47,9,3,111
434,2026-01-12,11825,6,306,92,67,10,10,-7,324
435,2026-09-15,11102,39,214,8,14,30,29,3,212
436,2026-05-05,12646,43,414,81,0,19,30,5,489
437,2026-08-16,14680,13,276,46,78,42,45,-7,234
438,2026-11-03,10777,46,64,28,65,8,9,-3,23
439,2026-05-06,12467,22,206,36,78,6,15,-3,152
440,2026-05-25,11079,21,363,59,75,33,33,8,355
441,2026-12-26,13155,41,216,47,18,37,47,-9,226
442,2026-01-27,11949,11,24,25,23,0,9,10,27
443,2026-06-07,14729,26,203,41,1,36,30,5,254
444,2026-08-04,12289,42,231,27,58,39,16,7,230
445,2026-06-26,13993,50,393,65,43,21,11,-2,423
446,2026-05-03,12994,28,281,58,12,42,21,6,354
447,2026-08-27,10911,8,328,3,69,8,6,-3,261
448,2026-08-14,14533,6,281,91,37,8,22,-1,320
449,2026-03-27,11818,50,494,64,23,25,32,-4,524
450,2026-10-28,14347,34,8,25,45,33,38,-6,-23
451,2026-03-12,11301,7,24,68,46,34,14,6,72
452,2026-09-20,13474,13,348,21,79,14,48,-6,250
453,2026-07-16,13834,21,142,6,51,18,24,6,97
454,2026-12-18,12553,14,69,92,38,0,4,-2,117
455,2026-07-05,11178,31,472,93,78,38,4,-9,512
456,2026-11-14,13204,38,421,20,31,25,50,-5,380
457,2026-03-13,11012,47,99,31,44,4,14,-2,74
458,2026-11-09,12683,1,378,74,19,13,28,-6,412
459,2026-11-20,13860,15,326,15,66,19,33,-7,254
460,2026-08-05,10577,49,338,56,38,7,34,9,338
461,2026-05-04,13822,28,466,92,43,17,2,2,532
462,2026-09-04,10726,47,299,21,62,48,18,-3,285
463,2026-12-14,13455,4,308,76,46,15,42,5,316
464,2026-05-21,14161,22,326,13,35,46,46,-2,302
465,2026-02-23,13978,16,214,85,32,22,5,-10,274
466,2026-02-25,13997,36,299,63,28,37,27,-2,342
467,2026-01-20,10884,38,310,72,48,38,33,2,341
468,2026-04-12,14753,44,429,82,12,36,6,-7,522
469,2026-06-21,13607,30,363,77,53,25,45,-9,358
470,2026-11-01,11770,37,293,66,4,25,40,3,343
471,2026-07-26,10233,47,92,3,80,21,6,-1,29
472,2026-04-09,13654,51,233,32,45,43,22,1,242
473,2026-03-07,14576,50,24,41,58,44,40,-2,9
474,2026-03-28,14095,6,442,70,41,47,25,1,494
475,2026-06-27,12506,7,170,45,78,34,47,-3,121
476,2026-10-16,11526,49,468,92,11,40,25,0,564
477,2026-06-26,13587,24,195,25,33,45,31,1,202
478,2026-04-19,12544,33,386,20,21,20,1,-7,397
479,2026-09-06,13261,40,358,82,71,18,48,7,346
480,2026-11-13,12158,10,356,9,25,5,5,9,349
481,2026-07-04,12408,40,366,43,68,22,25,-6,332
482,2026-04-18,11270,43,291,10,41,14,28,-9,237
483,2026-04-08,13608,42,140,3,63,14,44,-3,47
484,2026-01-28,13959,29,415,27,18,0,18,-3,403
485,2026-03-28,14249,38,212,71,70,36,12,3,240
486,2026-12-26,12982,52,204,80,73,24,47,-2,186
487,2026-06-18,12926,5,410,33,55,23,23,-3,385
488,2026-09-19,11055,7,490,88,17,20,44,-3,534
489,2026-06-04,14949,15,469,100,64,45,30,7,527
490,2026-10-27,10436,30,368,44,70,14,29,-2,325
491,2026-03-01,14588,29,316,56,63,37,27,-8,311
492,2026-02-22,12904,5,286,83,7,22,30,-6,348
493,2026-12-20,14021,28,488,92,35,36,16,-10,555
494,2026-05-18,12496,22,360,97,17,25,13,4,456
495,2026-11-19,12577,1,119,72,65,26,9,7,150
496,2026-10-04,10582,40,497,78,6,45,48,1,567
497,2026-04-20,11470,12,32,67,52,46,10,-4,79
498,2026-02-04,13306,37,15,83,63,46,7,0,74
499,2026-03-28,12813,12,358,87,49,26,24,5,403
500,2026-05-16,10744,12,49,39,45,11,45,3,12
501,2026-11-03,12783,29,133,51,25,14,22,10,161
502,2026-01-18,10485,44,384,12,67,16,1,9,353
503,2026-01-11,13152,20,191,12,21,0,33,-10,139
504,2026-04-21,14082,12,14,72,72,23,4,-5,28
505,2026-10-12,14703,12,274,27,44,6,43,-6,214
506,2026-01-20,10318,35,456,56,22,32,9,4,517
507,2026-11-06,14835,34,454,15,39,18,6,1,443
508,2026-10-11,13725,43,85,12,63,12,38,-6,2
509,2026-02-11,12018,24,280,49,57,7,42,7,244
510,2026-01-12,10481,31,72,30,62,12,50,2,4
511,2026-11-21,12626,34,415,84,75,6,33,-8,389
512,2026-11-07,12315,21,288,73,68,33,25,7,308
513,2026-07-14,13089,6,69,57,25,18,40,3,82
514,2026-08-20,13186,20,251,3,62,6,20,7,185
515,2026-09-27,10342,13,254,100,36,49,43,-9,315
516,2026-09-06,12570,48,484,11,39,37,47,8,454
517,2026-04-12,14406,4,24,68,3,3,19,2,75
518,2026-03-17,13038,44,421,87,55,47,32,6,474
519,2026-04-23,12624,5,357,5,27,6,29,-5,307
520,2026-10-01,10371,25,365,26,63,13,36,10,315
521,2026-11-27,12710,12,105,88,14,18,0,-3,194
522,2026-03-20,12017,40,199,29,47,25,2,-6,198
523,2026-05-07,12234,27,342,33,54,43,36,10,338
524,2026-04-27,14000,17,353,1,53,26,24,-2,301
525,2026-12-25,13680,9,307,1,80,44,25,-9,238
526,2026-02-06,14003,5,339,88,28,4,40,-7,356
527,2026-11-23,13263,19,93,68,41,10,47,-2,81
528,2026-02-13,11656,6,274,36,36,36,16,-7,287
529,2026-08-16,10896,8,284,63,25,8,33,-9,288
530,2026-04-14,13039,29,117,4,49,11,5,-8,70
531,2026-11-17,11549,50,378,18,56,38,49,-9,320
532,2026-03-11,12055,12,107,92,40,2,36,-10,115
533,2026-07-05,12391,33,179,59,25,41,3,2,253
534,2026-11-24,13596,2,32,28,23,40,12,0,65
535,2026-05-18,11320,10,446,56,8,15,38,6,477
536,2026-07-17,14377,2,280,40,7,7,43,-8,269
537,2026-01-05,10851,44,316,92,21,46,20,1,414
538,2026-07-25,14645,8,119,0,48,0,36,-9,26
539,2026-02-01,13903,37,438,28,80,2,36,7,359
540,2026-08-24,11947,44,330,49,36,43,39,2,349
541,2026-08-05,13721,35,251,78,32,22,40,4,283
542,2026-12-06,13183,17,450,46,28,9,18,10,469
543,2026-05-05,10349,30,451,20,47,47,1,3,473
544,2026-11-12,11705,26,210,90,69,14,25,-6,214
545,2026-07-15,12979,22,215,53,58,46,28,4,232
546,2026-04-08,11778,46,166,85,51,8,46,6,168
547,2026-06-15,14491,49,97,72,24,46,42,9,158
548,2026-07-05,13853,7,405,52,47,41,19,-4,428
549,2026-07-02,11634,14,277,83,57,19,49,9,282
550,2026-07-06,13629,2,172,70,20,42,24,6,246
551,2026-05-24,14616,50,355,26,49,36,42,-5,321
552,2026-03-14,12593,30,79,82,51,36,50,-4,92
553,2026-10-25,14347,48,125,94,16,48,31,0,220
554,2026-01-01,10433,22,321,4,12,50,4,-8,351
555,2026-04-10,10541,24,436,11,40,22,12,-6,411
556,2026-12-06,12374,20,319,40,74,28,30,0,283
557,2026-02-18,13357,11,51,71,20,9,10,3,104
558,2026-12-28,12044,8,287,70,80,30,44,-2,261
559,2026-03-13,13874,25,339,18,56,6,48,-9,250
560,2026-08-19,14686,12,244,21,2,37,44,1,257
561,2026-06-03,13031,5,229,2,62,42,36,1,176
562,2026-03-04,11615,41,90,17,79,19,43,2,6
563,2026-01-20,14836,27,164,37,10,22,38,5,180
564,2026-09-01,14011,21,86,46,32,12,32,-2,78
565,2026-05-15,13547,22,463,21,6,41,15,-1,503
566,2026-09-02,11071,40,20,34,58,42,5,0,33
567,2026-04-16,13114,25,5,94,73,1,19,2,10
568,2026-06-26,14200,51,18,88,34,44,24,0,92
569,2026-09-07,14005,19,217,52,43,8,22,-2,210
570,2026-09-04,10189,52,136,10,57,42,5,0,126
571,2026-06-03,11262,37,65,97,13,15,4,-5,155
572,2026-12-26,12795,40,410,30,11,4,0,-10,423
573,2026-06-26,10867,40,36,19,74,40,29,10,2
574,2026-03-03,10751,1,62,7,17,12,47,-8,9
575,2026-07-11,14337,13,221,87,29,13,3,-8,281
576,2026-08-10,14849,4,243,25,63,38,45,-5,193
577,2026-04-09,11179,35,226,23,64,0,5,-5,175
578,2026-04-06,12633,49,294,24,15,44,48,-8,291
579,2026-10-14,14151,41,116,20,50,40,37,-1,88
580,2026-09-01,12062,19,146,27,54,16,22,-3,110
581,2026-06-24,10495,40,386,20,8,3,4,5,402
582,2026-01-24,10723,21,386,55,10,43,48,4,430
583,2026-11-03,14663,17,301,98,46,44,43,9,363
584,2026-06-16,12460,49,372,40,57,22,47,5,335
585,2026-10-06,10350,45,250,40,69,47,12,-3,253
586,2026-08-28,13805,29,180,52,59,29,20,2,184
587,2026-06-13,11224,26,78,18,49,26,1,-6,66
588,2026-03-19,11507,14,187,1,55,50,42,-5,136
589,2026-06-07,10178,32,48,2,50,30,9,-2,19
590,2026-04-16,14972,47,200,20,38,35,17,-3,197
591,2026-06-04,10549,21,255,55,55,10,31,-9,225
592,2026-09-16,11773,27,361,61,77,18,9,-3,351
593,2026-11-10,13515,40,251,1,39,40,10,0,243
594,2026-12-12,11050,24,62,76,16,33,18,0,137
595,2026-07-08,11716,21,289,60,8,1,28,1,315
596,2026-09-11,14729,51,352,29,40,40,30,-2,349
597,2026-10-08,14857,40,169,89,24,8,20,10,232
598,2026-06-17,10784,25,121,31,62,36,30,-10,86
599,2026-08-15,14937,47,384,18,79,20,5,6,344
600,2026-05-23,11173,24,136,8,57,24,49,-4,58
601,2026-11-01,12681,23,434,99,7,30,15,-3,538
602,2026-06-16,12574,39,422,79,61,35,9,-2,464
603,2026-10-04,12422,47,452,68,25,41,12,9,533
604,2026-04-26,13081,28,31,94,24,33,32,-1,101
605,2026-05-01,10237,42,358,1,38,16,13,-6,318
606,2026-03-15,13130,36,329,97,53,5,23,4,359
607,2026-05-15,12261,13,80,76,56,48,20,-7,121
608,2026-03-11,10139,8,361,77,58,18,10,8,396
609,2026-06-27,13073,36,26,41,70,30,23,-6,-2
610,2026-03-11,10283,42,13,80,55,41,20,2,61
611,2026-09-02,11081,32,144,41,72,48,36,-9,116
612,2026-03-23,11926,6,32,8,17,9,6,6,32
613,2026-06-25,10570,32,386,46,45,21,5,3,406
614,2026-07-23,11270,36,205,69,7,33,26,10,284
615,2026-05-08,11961,4,421,11,26,28,10,-7,417
616,2026-12-08,13922,3,330,87,71,1,3,10,354
617,2026-06-11,13175,49,21,28,29,9,8,6,27
618,2026-08-01,13400,36,324,85,50,1,32,-1,327
619,2026-04-19,14027,1,34,5,25,37,2,-4,45
620,2026-03-13,11744,10,178,89,10,37,23,6,277
621,2026-05-18,13067,33,274,0,80,47,39,-1,201
622,2026-06-07,12680,17,198,20,25,48,38,-2,201
623,2026-10-21,14193,50,201,15,36,28,1,4,211
624,2026-02-24,11685,13,207,26,23,7,2,2,217
625,2026-10-27,12486,24,388,72,38,44,43,-4,419
626,2026-04-17,10196,20,237,6,80,14,36,-2,139
627,2026-12-13,12682,30,6,27,23,21,13,5,23
628,2026-10-10,12036,5,200,77,21,31,30,7,264
629,2026-01-09,10001,20,315,13,0,1,39,-9,281
630,2026-06-07,11563,28,227,48,72,10,6,-9,198
631,2026-01-10,10287,8,379,47,9,17,26,10,418
632,2026-11-24,10249,31,154,18,33,29,13,-7,148
633,2026-08-28,14750,45,89,1,14,5,46,-3,32
634,2026-08-03,11256,14,285,34,34,1,44,8,250
635,2026-07-27,13816,27,33,50,48,1,2,5,39
636,2026-05-23,12307,47,89,1,73,2,42,-8,-31
637,2026-04-08,13670,52,245,25,34,1,42,-2,193
638,2026-12-16,11897,46,0,83,5,36,27,7,94
639,2026-10-12,13738,53,434,95,6,18,23,-8,510
640,2026-12-18,14430,10,241,69,20,23,42,1,272
641,2026-07-12,13830,23,164,94,44,26,11,8,237
642,2026-11-18,13341,24,392,37,18,43,48,5,411
643,2026-06-12,13823,29,492,55,11,38,16,-6,552
644,2026-11-05,14906,22,385,69,21,2,21,6,420
645,2026-12-13,10670,53,276,80,20,36,8,-4,360
646,2026-02-19,10034,17,214,14,64,34,2,6,202
647,2026-08-04,12667,47,478,70,21,47,14,0,560
648,2026-04-19,12877,48,428,47,70,25,33,2,399
649,2026-08-05,11543,46,208,88,13,14,40,10,267
650,2026-12-10,11982,49,0,64,13,31,9,-8,65
651,2026-04-01,10133,2,207,38,26,34,40,-7,206
652,2026-02-09,13708,8,151,15,26,11,49,-8,94
653,2026-05-11,13177,24,216,45,51,0,44,9,175
654,2026-11-20,14861,3,106,38,54,39,37,5,97
655,2026-01-09,13880,52,347,62,4,31,20,1,417
656,2026-12-19,12876,44,196,96,68,49,6,3,270
657,2026-08-09,14455,6,251,3,48,2,31,-8,169
658,2026-12-11,11978,39,42,31,80,6,29,2,-28
659,2026-04-20,13364,7,240,4,41,19,35,4,191
660,2026-09-15,10567,33,5,87,16,37,43,-10,60
661,2026-09-21,10400,17,92,59,35,44,36,2,126
662,2026-05-28,11334,3,299,15,66,31,11,4,272
663,2026-02-07,13950,32,148,76,42,27,7,-6,196
664,2026-03-25,13087,3,127,0,49,49,47,10,90
665,2026-08-08,13643,52,154,23,28,21,43,8,135
666,2026-12-20,14611,2,358,14,12,10,8,-6,356
667,2026-01-23,14303,45,224,63,46,50,44,3,250
668,2026-01-09,13575,36,188,81,69,6,26,5,185
669,2026-11-12,13889,26,359,54,8,4,5,-2,402
670,2026-02-19,11531,43,259,31,17,7,1,-5,274
671,2026-08-03,11520,38,100,57,69,23,35,-2,74
672,2026-03-10,11092,48,211,14,71,2,14,-4,138
673,2026-01-04,14298,43,359,50,1,23,3,6,434
674,2026-06-08,13936,52,136,74,67,0,19,-6,118
675,2026-02-06,13178,36,109,24,60,30,30,-4,69
676,2026-09-05,10558,31,324,80,69,4,9,-6,324
677,2026-07-27,12964,15,262,9,72,10,15,10,204
678,2026-01-28,12626,50,423,33,52,3,48,3,362
679,2026-07-15,14968,15,202,3,24,42,46,1,178
680,2026-07-21,11289,16,383,16,61,39,50,6,333
681,2026-07-20,10254,27,306,66,36,31,49,-8,310
682,2026-11-02,13028,18,33,71,10,45,49,-6,84
683,2026-09-20,12680,20,201,35,59,41,21,-1,196
684,2026-12-18,14958,39,437,60,65,31,24,8,447
685,2026-02-23,14012,22,338,100,73,8,30,0,343
686,2026-11-09,12223,19,272,66,78,40,4,-2,294
687,2026-10-07,12856,20,304,65,29,20,20,-3,337
688,2026-05-20,13473,43,98,42,66,43,26,-2,89
689,2026-04-22,12962,46,337,24,78,50,8,-1,324
690,2026-09-06,10961,47,277,70,41,13,29,8,298
691,2026-06-06,14072,24,370,37,31,13,38,10,361
692,2026-08-18,12797,10,125,50,61,45,17,8,150
693,2026-09-13,10027,5,130,77,9,16,7,2,209
694,2026-05-17,14649,27,96,32,63,29,35,8,67
695,2026-10-04,13903,28,101,34,6,27,40,5,121
696,2026-06-25,10447,3,198,40,15,8,11,-7,213
697,2026-05-05,10786,48,433,8,35,6,35,7,384
698,2026-01-01,10913,22,351,54,26,2,42,8,347
699,2026-04-08,14946,37,500,79,35,18,27,-3,532
700,2026-01-18,14786,21,384,34,70,22,15,-6,349
701,2026-10-01,11314,6,390,28,21,24,13,7,415
702,2026-02-08,13330,15,292,94,78,17,31,-7,287
703,2026-05-04,10026,16,123,58,78,10,11,-3,99
704,2026-08-07,11903,7,343,39,55,37,38,2,328
705,2026-03-24,13150,40,433,10,52,45,28,4,412
706,2026-04-22,14027,28,384,48,2,34,48,-2,414
707,2026-09-20,13178,29,404,67,43,20,1,5,452
708,2026-10-27,13094,11,310,26,47,9,45,-8,245
709,2026-07-09,12038,46,403,51,26,13,20,1,422
710,2026-11-19,12000,42,148,29,48,38,30,-10,127
711,2026-10-12,12946,25,357,8,57,45,1,2,354
712,2026-02-14,12089,23,10,62,55,46,28,3,38
713,2026-03-08,14797,42,117,34,46,16,30,-5,86
714,2026-06-02,11873,6,264,76,67,12,2,2,285
715,2026-01-09,10650,34,362,20,11,39,44,7,373
716,2026-07-09,11524,15,477,32,57,9,18,-6,437
717,2026-02-20,10428,37,209,39,21,33,4,-3,253
718,2026-07-06,11936,2,335,100,22,18,35,5,401
719,2026-02-09,11465,35,413,25,77,45,4,-8,394
720,2026-12-06,11252,35,63,99,59,35,48,1,91
721,2026-03-25,12231,33,477,23,31,50,0,0,519
722,2026-03-06,10397,31,416,2,64,32,3,2,385
723,2026-05-15,12014,30,79,16,30,38,23,8,88
724,2026-11-20,10347,5,89,90,14,45,15,-5,190
725,2026-08-22,13236,36,193,17,0,18,29,6,205
726,2026-09-12,14961,37,277,92,51,33,29,10,332
727,2026-07-06,14122,32,367,95,51,48,16,6,449
728,2026-05-04,14952,27,64,4,26,4,38,1,9
729,2026-08-07,10132,14,195,48,38,23,1,0,227
730,2026-11-26,12474,26,222,99,18,28,37,-6,288
731,2026-08-13,13821,46,125,18,2,14,28,-2,125
732,2026-01-08,11193,41,238,47,26,29,8,3,283
733,2026-08-13,13551,5,472,12,37,23,3,1,468
734,2026-01-28,13928,5,306,37,45,32,35,5,300
735,2026-01-04,11196,48,180,42,24,19,32,-5,180
736,2026-04-21,14269,24,364,71,34,3,1,6,409
737,2026-06-20,12676,19,12,57,51,21,39,4,4
738,2026-08-14,14211,3,188,6,66,37,7,4,162
739,2026-09-03,11257,53,341,99,70,46,47,8,377
740,2026-05-05,11165,49,193,42,56,46,46,10,189
741,2026-07-08,10344,3,468,25,11,39,24,-2,495
742,2026-04-14,11243,28,155,1,17,12,26,8,133
743,2026-03-28,10307,17,280,72,32,13,0,-8,325
744,2026-11-16,10936,6,372,61,8,14,29,-5,405
745,2026-08-09,14728,36,342,58,43,39,46,1,351
746,2026-09-05,14832,34,280,94,42,40,42,0,330
747,2026-01-14,13960,18,349,35,76,49,15,-3,339
748,2026-01-19,12461,52,168,65,38,31,46,2,182
749,2026-04-08,13804,10,441,32,13,9,35,-3,431
750,2026-12-13,13435,37,474,12,69,32,23,3,429
751,2026-08-22,10544,50,169,38,10,15,10,9,211
752,2026-07-16,10251,22,160,7,55,25,27,-6,104
753,2026-08-13,14821,14,480,47,15,19,15,5,521
754,2026-03-11,11305,39,207,55,30,18,15,9,244
755,2026-02-26,10070,10,167,75,48,5,6,-8,185
756,2026-03-02,10018,31,276,54,63,5,50,10,232
757,2026-11-19,10717,3,90,4,17,18,23,1,73
758,2026-02-02,10002,53,84,39,42,6,2,8,93
759,2026-05-19,12388,40,472,24,21,25,31,-7,462
760,2026-02-15,14966,17,428,67,9,39,18,-6,501
761,2026-04-23,12325,3,80,82,65,6,31,9,81
762,2026-06-17,12511,19,201,43,20,44,30,4,242
763,2026-11-11,11725,16,334,90,51,26,15,-1,383
764,2026-10-04,11210,7,236,19,19,2,5,-9,224
765,2026-06-23,12622,38,229,16,19,46,4,-1,267
766,2026-11-22,14523,47,122,91,61,27,26,-7,146
767,2026-06-06,13202,13,300,38,26,30,41,-9,292
768,2026-03-27,14077,30,176,8,6,2,16,2,166
769,2026-12-23,13460,43,337,50,41,28,8,0,366
770,2026-03-09,13407,6,161,96,72,44,11,-10,208
771,2026-09-20,14058,18,249,42,18,2,8,-3,264
772,2026-11-12,12810,52,464,25,23,26,2,-10,480
773,2026-09-07,11730,10,314,47,43,0,6,5,317
774,2026-09-19,11612,28,170,87,64,17,33,2,179
775,2026-09-10,14414,49,394,93,5,29,46,8,473
776,2026-10-21,10515,31,233,5,36,21,1,3,225
777,2026-06-27,14841,15,424,53,59,38,36,-3,417
778,2026-11-19,12082,26,230,33,38,41,2,-3,261
779,2026-08-08,13253,1,135,0,67,14,2,-3,77
780,2026-07-01,14111,47,220,6,9,17,34,7,207
781,2026-08-19,11749,35,406,98,39,49,38,-9,467
782,2026-07-18,12692,12,338,70,36,49,7,-3,411
783,2026-02-11,12012,31,279,83,25,0,43,3,297
784,2026-03-22,12395,43,10,12,16,47,46,-2,5
785,2026-06-04,12366,20,131,53,20,27,13,-5,173
786,2026-03-28,10995,1,277,88,70,40,4,-8,323
787,2026-03-04,13697,22,488,30,8,49,49,-2,508
788,2026-08-22,12280,51,62,64,68,29,32,-7,48
789,2026-04-18,12051,47,42,45,11,22,11,2,89
790,2026-06-06,14277,53,9,79,11,4,10,-6,65
791,2026-06-01,12787,25,353,68,24,30,48,10,389
792,2026-04-06,11558,40,405,96,55,6,32,2,422
793,2026-12-08,14050,36,326,61,75,47,44,-8,307
794,2026-04-02,10299,29,394,58,49,20,41,1,383
795,2026-11-11,13405,48,96,0,73,22,1,1,45
796,2026-02-20,14265,36,428,0,40,29,5,-6,406
797,2026-09-18,12792,8,392,14,75,8,30,5,314
798,2026-07-10,10319,7,319,4,40,15,19,7,286
799,2026-03-09,12785,27,28,38,17,44,16,2,79
800,2026-12-10,13334,2,38,67,46,4,31,-1,31
801,2026-03-17,14940,39,13,36,41,11,45,-8,-34
802,2026-06-11,11014,12,436,12,46,7,6,-2,401
803,2026-05-10,14508,49,295,27,74,5,14,-9,230
804,2026-05-18,12438,7,277,10,70,36,44,7,216
805,2026-11-11,12205,48,458,51,5,19,26,-8,489
806,2026-02-16,10349,31,26,17,8,6,37,-10,-6
807,2026-03-19,14598,51,414,46,51,34,6,-2,435
808,2026-10-23,10851,41,126,10,42,10,11,10,103
809,2026-03-24,14176,16,415,2,60,13,46,-6,318
810,2026-08-18,11949,4,208,0,66,17,36,-4,119
811,2026-09-10,12821,9,220,27,78,42,24,-4,183
812,2026-04-20,11022,46,207,75,52,37,18,-2,247
813,2026-07-19,11567,48,215,32,77,31,0,-7,194
814,2026-10-04,12039,9,129,88,16,36,11,10,236
815,2026-12-03,13234,9,364,5,29,15,47,-9,299
816,2026-11-07,10908,45,494,27,35,7,36,-10,447
817,2026-03-05,11010,24,7,52,13,21,13,4,58
818,2026-08-22,11652,41,166,52,48,42,33,-2,177
819,2026-08-16,12244,28,74,26,49,22,12,-3,58
820,2026-01-26,10489,48,25,32,0,27,29,-5,50
821,2026-05-05,12322,18,234,67,37,13,26,-7,244
822,2026-02-19,13723,23,90,54,1,30,50,6,129
823,2026-08-13,12209,11,155,82,28,28,12,-2,223
824,2026-11-16,13151,15,245,28,56,8,1,-3,221
825,2026-05-24,13038,34,485,70,65,41,9,-7,515
826,2026-05-24,13308,2,130,88,12,17,42,6,187
827,2026-04-25,14555,40,32,72,13,15,18,-2,86
828,2026-01-05,10161,21,294,67,23,40,31,6,353
829,2026-01-16,11585,12,393,88,70,26,36,0,401
830,2026-05-23,12228,38,55,93,39,46,48,3,110
831,2026-10-12,10788,25,102,80,51,42,38,8,143
832,2026-06-12,13862,49,241,79,25,15,20,-9,281
833,2026-09-01,10625,7,123,68,42,31,14,3,169
834,2026-08-14,14383,48,289,17,29,26,2,-4,297
835,2026-04-24,11758,14,37,13,70,28,45,-6,-43
836,2026-07-04,12298,42,189,12,4,16,0,8,221
837,2026-10-04,10767,52,301,57,26,5,21,-3,313
838,2026-01-16,12270,35,128,76,68,47,40,-3,140
839,2026-06-04,10727,33,85,84,0,31,13,3,190
840,2026-12-12,12924,49,298,29,73,17,0,3,274
841,2026-11-19,10175,43,231,71,21,1,47,-7,228
842,2026-12-06,11605,53,140,24,22,10,14,-9,129
843,2026-11-15,11849,40,107,25,16,18,29,-9,96
844,2026-06-21,12455,44,68,4,15,46,46,-4,53
845,2026-01-06,13069,3,221,19,8,10,30,2,214
846,2026-04-03,11260,27,272,22,53,6,5,-5,237
847,2026-12-17,14547,44,55,55,29,44,10,-2,113
848,2026-10-18,14648,14,271,75,74,21,28,-5,260
849,2026-05-11,12132,39,488,57,54,11,39,4,467
850,2026-07-25,14387,30,109,93,2,12,25,-1,186
851,2026-01-08,14371,8,474,11,74,7,50,-6,362
852,2026-01-17,11473,35,286,61,50,41,37,-6,295
853,2026-10-18,10608,16,448,29,16,15,3,6,479
854,2026-02-09,12140,22,275,70,10,21,33,7,330
855,2026-04-05,11807,45,281,17,22,2,27,5,256
856,2026-02-14,14479,6,325,11,66,9,39,4,244
857,2026-06-01,10272,49,377,97,41,29,10,-2,450
858,2026-12-01,10686,21,5,99,3,49,42,-10,98
859,2026-08-26,10805,29,84,96,74,5,5,-4,102
860,2026-12-20,10212,47,401,68,47,3,50,10,385
861,2026-09-21,12375,49,76,45,40,24,43,-7,55
862,2026-10-22,14722,35,149,33,20,5,34,-6,127
863,2026-03-06,12368,33,244,36,62,33,49,-8,194
864,2026-01-17,13561,30,318,100,5,20,24,5,414
865,2026-04-13,12830,41,13,5,76,3,0,-2,-57
866,2026-09-05,13320,25,174,11,46,46,33,-2,150
867,2026-09-08,12635,24,288,15,30,26,9,-2,288
868,2026-07-24,10344,36,338,6,46,19,10,8,315
869,2026-04-08,13361,39,365,5,80,30,3,3,320
870,2026-01-25,14308,12,438,78,71,29,39,1,436
871,2026-07-09,14331,8,64,8,7,17,3,-7,72
872,2026-11-24,12119,42,455,71,67,47,0,-2,504
873,2026-04-13,11538,34,90,70,60,31,15,6,122
874,2026-11-03,11160,45,331,8,51,17,15,-6,284
875,2026-10-21,12520,27,204,79,37,46,10,6,288
876,2026-06-24,14329,28,152,20,2,15,26,-6,153
877,2026-08-28,10335,53,109,13,39,49,16,-8,108
878,2026-06-25,12381,3,199,37,80,24,10,1,171
879,2026-06-18,11532,19,95,51,29,46,43,1,121
880,2026-07-10,13369,51,98,93,2,42,5,5,231
881,2026-01-25,11851,47,143,37,65,36,33,6,124
882,2026-09-06,12257,22,55,47,30,35,44,6,69
883,2026-11-23,12785,3,371,17,59,39,44,-9,315
884,2026-04-07,12909,13,148,87,7,18,15,-4,227
885,2026-07-24,11818,52,424,67,32,37,20,-7,469
886,2026-08-17,13822,47,72,13,11,6,45,9,44
887,2026-04-08,14861,6,449,100,15,34,3,9,574
888,2026-07-21,12647,15,323,86,25,31,13,-6,396
889,2026-10-25,14137,32,20,52,4,46,4,-8,102
890,2026-07-25,14527,47,388,41,49,6,29,6,363
891,2026-01-26,10241,38,442,67,1,0,11,-4,493
892,2026-10-17,10108,16,54,42,53,7,35,-6,9
893,2026-05-24,12324,53,352,48,42,30,40,5,353
894,2026-07-12,14996,51,305,15,53,0,39,-4,224
895,2026-02-26,11010,34,177,17,7,4,19,9,181
896,2026-05-08,11896,26,327,98,73,18,6,7,371
897,2026-07-07,11398,53,271,61,43,1,37,-6,247
898,2026-03-03,11968,29,370,20,27,38,38,6,369
899,2026-05-02,12409,9,140,42,43,26,4,-8,153
900,2026-11-01,12765,16,266,68,52,47,2,1,328
901,2026-09-23,10787,8,252,50,54,27,50,-9,216
902,2026-04-28,10454,34,382,16,54,49,1,-9,383
903,2026-02-27,10224,25,453,26,46,24,25,9,441
904,2026-02-06,11791,17,78,87,58,4,20,-4,87
905,2026-09-06,13574,37,459,43,45,3,27,6,439
906,2026-11-05,11728,34,55,62,80,31,27,7,48
907,2026-04-10,14543,1,425,33,37,47,2,-7,459
908,2026-05-08,13907,43,406,67,57,49,12,0,453
909,2026-04-08,13067,40,467,70,67,8,26,-9,443
910,2026-08-23,10148,39,370,15,6,6,42,1,344
911,2026-12-03,12371,19,420,6,64,23,36,8,357
912,2026-10-26,11357,26,293,23,2,45,28,-2,329
913,2026-10-19,13080,50,387,76,73,39,40,3,392
914,2026-12-24,13738,6,336,37,70,41,38,9,315
915,2026-10-13,14660,16,455,66,37,9,34,1,460
916,2026-09-10,14666,40,75,42,72,6,18,-10,23
917,2026-04-10,11158,50,405,24,22,12,6,-5,408
918,2026-07-20,10189,36,496,55,51,36,35,-9,492
919,2026-07-01,13621,12,242,19,50,40,7,4,248
920,2026-09-20,11806,21,383,27,39,35,46,-3,357
921,2026-09-05,14597,49,343,84,77,23,41,-3,329
922,2026-03-23,14639,40,8,36,0,22,26,-7,33
923,2026-07-19,12939,35,222,43,3,35,50,-6,241
924,2026-09-13,14694,25,346,18,55,42,17,-8,326
925,2026-09-16,13490,7,176,52,80,4,13,-10,129
926,2026-06-19,12760,49,344,87,18,49,12,6,456
927,2026-09-05,11972,38,61,32,24,49,17,2,103
928,2026-01-28,10242,11,407,98,39,32,17,10,491
929,2026-07-20,13201,25,244,96,28,0,0,6,318
930,2026-04-03,10666,43,32,7,14,48,24,6,55
931,2026-07-17,10459,40,98,78,42,1,3,-8,124
932,2026-02-28,12633,4,331,35,10,18,40,9,343
933,2026-10-15,13369,41,232,52,22,40,33,-4,265
934,2026-05-01,14058,29,73,6,47,14,40,-2,4
935,2026-12-15,11145,47,226,76,36,25,10,-9,272
936,2026-03-12,10160,36,206,97,52,42,8,9,294
937,2026-07-02,11319,37,408,11,62,46,40,5,368
938,2026-01-13,14293,44,358,77,8,49,49,-2,425
939,2026-08-08,10731,9,273,33,8,12,12,-4,294
940,2026-06-13,10891,30,488,40,45,45,10,-4,514
941,2026-11-04,10644,39,278,10,59,0,13,-5,211
942,2026-04-27,14205,43,83,0,48,7,14,3,31
943,2026-06-13,10994,13,162,16,59,31,34,8,124
944,2026-05-09,14855,4,111,57,9,42,34,-1,166
945,2026-07-10,14181,3,371,21,74,20,3,-6,329
946,2026-04-15,11679,44,498,12,55,17,18,-9,445
947,2026-03-15,14094,43,128,13,50,30,34,-7,80
948,2026-11-03,14027,53,262,21,23,4,0,-5,259
949,2026-05-17,13440,11,301,68,23,6,40,-4,308
950,2026-08-08,13490,53,293,69,43,47,31,9,344
951,2026-09-22,12609,27,118,69,31,7,32,-5,126
952,2026-12-01,14038,51,14,43,29,36,48,4,20
953,2026-07-22,10975,30,359,75,69,46,40,3,374
954,2026-07-17,11201,51,244,89,7,25,31,-3,317
955,2026-02-22,11401,12,7,46,0,24,34,-6,37
956,2026-02-13,12999,1,114,80,44,20,43,-5,122
957,2026-07-19,11232,47,397,42,69,28,6,-2,390
958,2026-06-19,13260,30,37,66,22,4,36,-6,43
959,2026-11-09,11927,28,386,76,5,35,37,7,462
960,2026-01-06,11040,3,319,77,69,18,50,7,302
961,2026-11-27,14443,28,435,42,4,38,44,-3,464
962,2026-09-10,11065,20,499,92,76,45,44,-2,514
963,2026-09-21,10541,42,451,77,43,47,39,6,499
964,2026-09-15,10294,45,43,36,44,28,40,7,30
965,2026-09-13,13667,25,335,56,11,22,11,-3,388
966,2026-01-20,13703,18,244,25,69,49,42,-5,202
967,2026-11-15,14055,40,194,99,9,39,4,10,329
968,2026-10-14,14144,32,272,63,49,34,9,9,320
969,2026-04-16,10313,51,367,19,16,20,33,8,365
970,2026-07-21,11526,44,329,68,40,43,33,-10,357
971,2026-01-22,12953,49,320,30,47,3,44,-2,260
972,2026-10-02,10251,44,199,48,79,21,43,4,150
973,2026-06-09,12058,12,63,21,35,34,11,0,72
974,2026-04-05,12892,53,478,67,50,29,37,2,489
975,2026-11-05,14364,48,417,78,37,11,40,-3,426
976,2026-10-04,12787,26,294,34,50,14,12,7,287
977,2026-03-18,12768,47,84,33,10,43,43,0,107
978,2026-10-06,13307,38,477,61,22,21,24,-5,508
979,2026-11-12,10838,15,113,88,28,21,33,9,170
980,2026-06-12,10211,42,440,64,13,35,45,2,483
981,2026-01-20,12626,49,250,66,33,24,35,0,272
982,2026-04-10,10983,44,249,98,36,16,14,-10,303
983,2026-10-16,11351,4,457,65,73,4,7,5,451
984,2026-01-03,12984,14,101,66,42,37,15,-2,145
985,2026-02-11,12686,13,201,39,11,20,18,4,235
986,2026-07-16,14297,7,54,27,22,23,39,-4,39
987,2026-10-09,11227,45,121,54,57,20,2,-10,126
988,2026-01-25,12899,12,442,82,13,18,49,-8,472
989,2026-09-16,14600,4,233,49,78,33,7,8,238
990,2026-05-12,11064,16,309,93,16,48,30,-10,394
991,2026-07-06,11122,22,432,65,67,35,49,1,417
992,2026-10-17,13404,51,285,99,54,26,3,0,353
993,2026-03-05,14037,46,386,57,68,28,17,-1,385
994,2026-09-21,12782,47,172,65,43,47,42,-2,197
995,2026-05-06,14113,9,301,54,46,50,20,9,348
996,2026-06-01,11116,1,155,78,15,5,44,3,182
997,2026-11-08,14804,42,451,5,5,9,19,1,442
998,2026-02-26,12671,21,449,29,9,15,8,10,486
999,2026-01-17,11672,41,35,26,0,20,21,5,65
1000,2026-05-10,12330,34,324,54,71,47,11,-7,336
