event_id,event_type,sku_id,location_id,quantity_change,event_timestamp,reference_id,source_location_id,destination_location_id,event_reason,created_by
1,RECEIPT,10713,38,90,2026-01-01T08:10:00,REF-100001,,,RECEIPT,AgenticMesh
2,SALE,11629,46,-1,2026-01-01T08:20:00,REF-100002,,,SALE,AgenticMesh
3,SALE,11274,14,-5,2026-01-01T08:30:00,REF-100003,,,SALE,WMS
4,SALE,13764,35,-4,2026-01-01T08:40:00,REF-100004,,,SALE,POS
5,RETURN,11576,46,10,2026-01-01T08:50:00,REF-100005,,,RETURN,POS
6,SALE,13715,41,-2,2026-01-01T09:00:00,REF-100006,,,SALE,WMS
7,SALE,14376,47,-3,2026-01-01T09:10:00,REF-100007,,,SALE,ERP
8,SALE,10459,15,-4,2026-01-01T09:20:00,REF-100008,,,SALE,POS
9,TRANSFER_OUT,14090,26,-13,2026-01-01T09:30:00,REF-100009,42.0,30.0,TRANSFER_OUT,ERP
10,SALE,13272,24,-2,2026-01-01T09:40:00,REF-100010,,,SALE,ERP
11,DAMAGE,11311,51,-3,2026-01-01T09:50:00,REF-100011,,,DAMAGE,AgenticMesh
12,SALE,10095,44,-4,2026-01-01T10:00:00,REF-100012,,,SALE,POS
13,RECEIPT,11296,30,88,2026-01-01T10:10:00,REF-100013,,,RECEIPT,POS
14,RETURN,14159,39,2,2026-01-01T10:20:00,REF-100014,,,RETURN,ERP
15,SALE,10160,8,-2,2026-01-01T10:30:00,REF-100015,,,SALE,WMS
16,TRANSFER_IN,13982,53,35,2026-01-01T10:40:00,REF-100016,5.0,49.0,TRANSFER_IN,ERP
17,SALE,11736,35,-4,2026-01-01T10:50:00,REF-100017,,,SALE,ERP
18,RECEIPT,10992,16,191,2026-01-01T11:00:00,REF-100018,,,RECEIPT,ERP
19,SALE,10582,46,-1,2026-01-01T11:10:00,REF-100019,,,SALE,POS
20,SALE,11756,35,-1,2026-01-01T11:20:00,REF-100020,,,SALE,ERP
21,RECEIPT,10773,7,167,2026-01-01T11:30:00,REF-100021,,,RECEIPT,AgenticMesh
22,SALE,12780,52,-4,2026-01-01T11:40:00,REF-100022,,,SALE,POS
23,SALE,13790,16,-2,2026-01-01T11:50:00,REF-100023,,,SALE,POS
24,SALE,11937,11,-5,2026-01-01T12:00:00,REF-100024,,,SALE,AgenticMesh
25,SALE,12173,51,-2,2026-01-01T12:10:00,REF-100025,,,SALE,AgenticMesh
26,SALE,11784,4,-5,2026-01-01T12:20:00,REF-100026,,,SALE,POS
27,RECEIPT,10466,33,32,2026-01-01T12:30:00,REF-100027,,,RECEIPT,POS
28,TRANSFER_IN,14667,16,91,2026-01-01T12:40:00,REF-100028,38.0,39.0,TRANSFER_IN,POS
29,RECEIPT,11674,43,188,2026-01-01T12:50:00,REF-100029,,,RECEIPT,WMS
30,SALE,10595,1,-4,2026-01-01T13:00:00,REF-100030,,,SALE,AgenticMesh
31,RECEIPT,11086,23,45,2026-01-01T13:10:00,REF-100031,,,RECEIPT,POS
32,TRANSFER_IN,14334,1,61,2026-01-01T13:20:00,REF-100032,43.0,53.0,TRANSFER_IN,WMS
33,TRANSFER_IN,12232,19,19,2026-01-01T13:30:00,REF-100033,39.0,14.0,TRANSFER_IN,WMS
34,SALE,12267,3,-3,2026-01-01T13:40:00,REF-100034,,,SALE,POS
35,SALE,14595,1,-2,2026-01-01T13:50:00,REF-100035,,,SALE,POS
36,SALE,13521,9,-2,2026-01-01T14:00:00,REF-100036,,,SALE,POS
37,SALE,14587,27,-1,2026-01-01T14:10:00,REF-100037,,,SALE,ERP
38,TRANSFER_IN,13373,52,57,2026-01-01T14:20:00,REF-100038,43.0,48.0,TRANSFER_IN,ERP
39,SALE,12865,20,-1,2026-01-01T14:30:00,REF-100039,,,SALE,ERP
40,SALE,14174,26,-2,2026-01-01T14:40:00,REF-100040,,,SALE,WMS
41,TRANSFER_IN,14888,28,79,2026-01-01T14:50:00,REF-100041,23.0,47.0,TRANSFER_IN,WMS
42,SALE,13573,1,-5,2026-01-01T15:00:00,REF-100042,,,SALE,ERP
43,SALE,14155,20,-1,2026-01-01T15:10:00,REF-100043,,,SALE,AgenticMesh
44,SALE,14663,20,-3,2026-01-01T15:20:00,REF-100044,,,SALE,AgenticMesh
45,SALE,12640,30,-1,2026-01-01T15:30:00,REF-100045,,,SALE,AgenticMesh
46,SALE,14223,43,-2,2026-01-01T15:40:00,REF-100046,,,SALE,WMS
47,SALE,10379,16,-2,2026-01-01T15:50:00,REF-100047,,,SALE,AgenticMesh
48,RECEIPT,14050,26,136,2026-01-01T16:00:00,REF-100048,,,RECEIPT,ERP
49,SALE,10412,36,-1,2026-01-01T16:10:00,REF-100049,,,SALE,ERP
50,TRANSFER_IN,12600,49,64,2026-01-01T16:20:00,REF-100050,29.0,40.0,TRANSFER_IN,AgenticMesh
51,TRANSFER_OUT,12026,41,-25,2026-01-01T16:30:00,REF-100051,18.0,50.0,TRANSFER_OUT,AgenticMesh
52,RECEIPT,12752,21,132,2026-01-01T16:40:00,REF-100052,,,RECEIPT,POS
53,SALE,13340,22,-2,2026-01-01T16:50:00,REF-100053,,,SALE,AgenticMesh
54,SALE,13908,1,-2,2026-01-01T17:00:00,REF-100054,,,SALE,WMS
55,SALE,14000,15,-4,2026-01-01T17:10:00,REF-100055,,,SALE,WMS
56,SALE,11046,40,-1,2026-01-01T17:20:00,REF-100056,,,SALE,POS
57,TRANSFER_IN,13783,12,8,2026-01-01T17:30:00,REF-100057,4.0,17.0,TRANSFER_IN,AgenticMesh
58,SALE,10671,31,-4,2026-01-01T17:40:00,REF-100058,,,SALE,POS
59,RECEIPT,12026,13,109,2026-01-01T17:50:00,REF-100059,,,RECEIPT,POS
60,RECEIPT,13810,45,52,2026-01-01T18:00:00,REF-100060,,,RECEIPT,WMS
61,TRANSFER_OUT,10886,38,-82,2026-01-01T18:10:00,REF-100061,2.0,20.0,TRANSFER_OUT,AgenticMesh
62,SALE,14919,52,-2,2026-01-01T18:20:00,REF-100062,,,SALE,POS
63,TRANSFER_OUT,14145,42,-49,2026-01-01T18:30:00,REF-100063,22.0,1.0,TRANSFER_OUT,AgenticMesh
64,TRANSFER_OUT,11443,47,-51,2026-01-01T18:40:00,REF-100064,34.0,42.0,TRANSFER_OUT,WMS
65,RECEIPT,12012,6,143,2026-01-01T18:50:00,REF-100065,,,RECEIPT,WMS
66,TRANSFER_IN,14050,21,83,2026-01-01T19:00:00,REF-100066,12.0,32.0,TRANSFER_IN,ERP
67,SALE,14233,13,-3,2026-01-01T19:10:00,REF-100067,,,SALE,POS
68,SALE,10142,6,-4,2026-01-01T19:20:00,REF-100068,,,SALE,WMS
69,SALE,14350,23,-2,2026-01-01T19:30:00,REF-100069,,,SALE,AgenticMesh
70,DAMAGE,12060,15,-5,2026-01-01T19:40:00,REF-100070,,,DAMAGE,POS
71,RECEIPT,13967,18,50,2026-01-01T19:50:00,REF-100071,,,RECEIPT,WMS
72,ADJUSTMENT,14376,9,-1,2026-01-01T20:00:00,REF-100072,,,ADJUSTMENT,WMS
73,SALE,10841,1,-1,2026-01-01T20:10:00,REF-100073,,,SALE,WMS
74,SALE,10536,26,-4,2026-01-01T20:20:00,REF-100074,,,SALE,AgenticMesh
75,SALE,10971,36,-1,2026-01-01T20:30:00,REF-100075,,,SALE,AgenticMesh
76,RECEIPT,14822,28,77,2026-01-01T20:40:00,REF-100076,,,RECEIPT,WMS
77,SALE,12168,43,-1,2026-01-01T20:50:00,REF-100077,,,SALE,POS
78,SALE,14865,31,-2,2026-01-01T21:00:00,REF-100078,,,SALE,WMS
79,SALE,12168,51,-3,2026-01-01T21:10:00,REF-100079,,,SALE,ERP
80,SALE,10489,11,-5,2026-01-01T21:20:00,REF-100080,,,SALE,WMS
81,SALE,12231,33,-5,2026-01-01T21:30:00,REF-100081,,,SALE,AgenticMesh
82,SALE,10212,6,-5,2026-01-01T21:40:00,REF-100082,,,SALE,ERP
83,RETURN,11436,31,5,2026-01-01T21:50:00,REF-100083,,,RETURN,AgenticMesh
84,TRANSFER_IN,12851,27,86,2026-01-01T22:00:00,REF-100084,22.0,21.0,TRANSFER_IN,POS
85,TRANSFER_IN,10301,30,68,2026-01-01T22:10:00,REF-100085,6.0,21.0,TRANSFER_IN,WMS
86,SALE,10445,13,-4,2026-01-01T22:20:00,REF-100086,,,SALE,WMS
87,RECEIPT,11074,19,180,2026-01-01T22:30:00,REF-100087,,,RECEIPT,AgenticMesh
88,TRANSFER_IN,12546,36,85,2026-01-01T22:40:00,REF-100088,1.0,36.0,TRANSFER_IN,AgenticMesh
89,SALE,14169,46,-1,2026-01-01T22:50:00,REF-100089,,,SALE,WMS
90,SALE,11562,39,-4,2026-01-01T23:00:00,REF-100090,,,SALE,ERP
91,TRANSFER_IN,12446,38,69,2026-01-01T23:10:00,REF-100091,38.0,43.0,TRANSFER_IN,AgenticMesh
92,TRANSFER_IN,13091,30,49,2026-01-01T23:20:00,REF-100092,21.0,13.0,TRANSFER_IN,ERP
93,SALE,11247,32,-2,2026-01-01T23:30:00,REF-100093,,,SALE,POS
94,SALE,10126,47,-5,2026-01-01T23:40:00,REF-100094,,,SALE,ERP
95,SALE,10658,22,-2,2026-01-01T23:50:00,REF-100095,,,SALE,AgenticMesh
96,RETURN,11864,48,2,2026-01-02T00:00:00,REF-100096,,,RETURN,POS
97,SALE,10238,3,-1,2026-01-02T00:10:00,REF-100097,,,SALE,WMS
98,TRANSFER_OUT,13376,37,-52,2026-01-02T00:20:00,REF-100098,44.0,51.0,TRANSFER_OUT,ERP
99,SALE,11173,15,-1,2026-01-02T00:30:00,REF-100099,,,SALE,AgenticMesh
100,RECEIPT,11295,5,85,2026-01-02T00:40:00,REF-100100,,,RECEIPT,AgenticMesh
101,TRANSFER_IN,11632,25,59,2026-01-02T00:50:00,REF-100101,31.0,7.0,TRANSFER_IN,ERP
102,SALE,12249,1,-3,2026-01-02T01:00:00,REF-100102,,,SALE,POS
103,TRANSFER_IN,12054,44,82,2026-01-02T01:10:00,REF-100103,49.0,47.0,TRANSFER_IN,ERP
104,RECEIPT,10739,19,99,2026-01-02T01:20:00,REF-100104,,,RECEIPT,WMS
105,RECEIPT,12233,11,71,2026-01-02T01:30:00,REF-100105,,,RECEIPT,WMS
106,TRANSFER_IN,11154,49,48,2026-01-02T01:40:00,REF-100106,15.0,44.0,TRANSFER_IN,AgenticMesh
107,RETURN,11013,30,1,2026-01-02T01:50:00,REF-100107,,,RETURN,WMS
108,RECEIPT,13863,2,169,2026-01-02T02:00:00,REF-100108,,,RECEIPT,WMS
109,TRANSFER_IN,10956,9,86,2026-01-02T02:10:00,REF-100109,3.0,3.0,TRANSFER_IN,WMS
110,DAMAGE,13040,43,-8,2026-01-02T02:20:00,REF-100110,,,DAMAGE,AgenticMesh
111,SALE,12292,3,-2,2026-01-02T02:30:00,REF-100111,,,SALE,WMS
112,SALE,10497,26,-4,2026-01-02T02:40:00,REF-100112,,,SALE,WMS
113,SALE,10175,4,-1,2026-01-02T02:50:00,REF-100113,,,SALE,WMS
114,SALE,11770,53,-2,2026-01-02T03:00:00,REF-100114,,,SALE,ERP
115,SALE,12054,52,-2,2026-01-02T03:10:00,REF-100115,,,SALE,ERP
116,SALE,10130,12,-1,2026-01-02T03:20:00,REF-100116,,,SALE,WMS
117,SALE,12966,33,-4,2026-01-02T03:30:00,REF-100117,,,SALE,POS
118,SALE,10256,4,-2,2026-01-02T03:40:00,REF-100118,,,SALE,AgenticMesh
119,TRANSFER_OUT,12639,39,-18,2026-01-02T03:50:00,REF-100119,10.0,5.0,TRANSFER_OUT,ERP
120,SALE,12416,30,-5,2026-01-02T04:00:00,REF-100120,,,SALE,AgenticMesh
121,SALE,11872,27,-1,2026-01-02T04:10:00,REF-100121,,,SALE,WMS
122,TRANSFER_OUT,12089,24,-98,2026-01-02T04:20:00,REF-100122,10.0,44.0,TRANSFER_OUT,AgenticMesh
123,SALE,10492,38,-1,2026-01-02T04:30:00,REF-100123,,,SALE,WMS
124,RECEIPT,12560,23,110,2026-01-02T04:40:00,REF-100124,,,RECEIPT,POS
125,SALE,14557,24,-2,2026-01-02T04:50:00,REF-100125,,,SALE,POS
126,TRANSFER_OUT,10216,39,-59,2026-01-02T05:00:00,REF-100126,43.0,45.0,TRANSFER_OUT,WMS
127,SALE,11174,37,-3,2026-01-02T05:10:00,REF-100127,,,SALE,AgenticMesh
128,SALE,13717,22,-1,2026-01-02T05:20:00,REF-100128,,,SALE,ERP
129,SALE,10408,44,-3,2026-01-02T05:30:00,REF-100129,,,SALE,POS
130,SALE,14198,8,-4,2026-01-02T05:40:00,REF-100130,,,SALE,WMS
131,SALE,10373,15,-3,2026-01-02T05:50:00,REF-100131,,,SALE,AgenticMesh
132,ADJUSTMENT,12372,21,-12,2026-01-02T06:00:00,REF-100132,,,ADJUSTMENT,POS
133,SALE,14578,43,-4,2026-01-02T06:10:00,REF-100133,,,SALE,WMS
134,SALE,13517,37,-1,2026-01-02T06:20:00,REF-100134,,,SALE,AgenticMesh
135,RECEIPT,13770,45,94,2026-01-02T06:30:00,REF-100135,,,RECEIPT,WMS
136,SALE,13243,20,-1,2026-01-02T06:40:00,REF-100136,,,SALE,WMS
137,SALE,11589,50,-2,2026-01-02T06:50:00,REF-100137,,,SALE,WMS
138,SALE,14935,10,-2,2026-01-02T07:00:00,REF-100138,,,SALE,POS
139,SALE,12648,41,-4,2026-01-02T07:10:00,REF-100139,,,SALE,WMS
140,SALE,10461,23,-1,2026-01-02T07:20:00,REF-100140,,,SALE,POS
141,SALE,14867,33,-4,2026-01-02T07:30:00,REF-100141,,,SALE,AgenticMesh
142,SALE,13897,33,-5,2026-01-02T07:40:00,REF-100142,,,SALE,ERP
143,RETURN,10321,16,2,2026-01-02T07:50:00,REF-100143,,,RETURN,AgenticMesh
144,DAMAGE,13174,27,-5,2026-01-02T08:00:00,REF-100144,,,DAMAGE,WMS
145,RECEIPT,14571,44,181,2026-01-02T08:10:00,REF-100145,,,RECEIPT,AgenticMesh
146,SALE,12542,42,-5,2026-01-02T08:20:00,REF-100146,,,SALE,AgenticMesh
147,SALE,10766,42,-1,2026-01-02T08:30:00,REF-100147,,,SALE,AgenticMesh
148,SALE,11573,15,-1,2026-01-02T08:40:00,REF-100148,,,SALE,ERP
149,SALE,11074,39,-3,2026-01-02T08:50:00,REF-100149,,,SALE,AgenticMesh
150,SALE,12985,44,-2,2026-01-02T09:00:00,REF-100150,,,SALE,ERP
151,RETURN,12536,52,4,2026-01-02T09:10:00,REF-100151,,,RETURN,AgenticMesh
152,TRANSFER_IN,13129,33,78,2026-01-02T09:20:00,REF-100152,34.0,27.0,TRANSFER_IN,ERP
153,TRANSFER_OUT,10841,46,-37,2026-01-02T09:30:00,REF-100153,34.0,8.0,TRANSFER_OUT,WMS
154,SALE,11819,53,-2,2026-01-02T09:40:00,REF-100154,,,SALE,AgenticMesh
155,TRANSFER_IN,13164,6,55,2026-01-02T09:50:00,REF-100155,24.0,15.0,TRANSFER_IN,POS
156,SALE,13871,45,-1,2026-01-02T10:00:00,REF-100156,,,SALE,ERP
157,TRANSFER_OUT,11767,10,-83,2026-01-02T10:10:00,REF-100157,36.0,47.0,TRANSFER_OUT,AgenticMesh
158,SALE,13745,5,-3,2026-01-02T10:20:00,REF-100158,,,SALE,POS
159,TRANSFER_OUT,11177,19,-73,2026-01-02T10:30:00,REF-100159,28.0,1.0,TRANSFER_OUT,WMS
160,SALE,10555,34,-4,2026-01-02T10:40:00,REF-100160,,,SALE,POS
161,SALE,12926,51,-4,2026-01-02T10:50:00,REF-100161,,,SALE,POS
162,SALE,14473,22,-1,2026-01-02T11:00:00,REF-100162,,,SALE,ERP
163,TRANSFER_OUT,13750,3,-66,2026-01-02T11:10:00,REF-100163,19.0,13.0,TRANSFER_OUT,POS
164,TRANSFER_OUT,12076,3,-44,2026-01-02T11:20:00,REF-100164,49.0,42.0,TRANSFER_OUT,ERP
165,SALE,13277,48,-1,2026-01-02T11:30:00,REF-100165,,,SALE,AgenticMesh
166,TRANSFER_IN,12185,52,68,2026-01-02T11:40:00,REF-100166,6.0,47.0,TRANSFER_IN,AgenticMesh
167,SALE,12687,43,-5,2026-01-02T11:50:00,REF-100167,,,SALE,WMS
168,SALE,10347,47,-5,2026-01-02T12:00:00,REF-100168,,,SALE,WMS
169,RECEIPT,12977,33,90,2026-01-02T12:10:00,REF-100169,,,RECEIPT,ERP
170,RETURN,11934,50,1,2026-01-02T12:20:00,REF-100170,,,RETURN,WMS
171,SALE,13637,49,-5,2026-01-02T12:30:00,REF-100171,,,SALE,POS
172,SALE,10213,48,-5,2026-01-02T12:40:00,REF-100172,,,SALE,ERP
173,SALE,12340,45,-4,2026-01-02T12:50:00,REF-100173,,,SALE,AgenticMesh
174,SALE,12847,46,-2,2026-01-02T13:00:00,REF-100174,,,SALE,POS
175,SALE,11837,8,-3,2026-01-02T13:10:00,REF-100175,,,SALE,ERP
176,TRANSFER_OUT,13829,52,-8,2026-01-02T13:20:00,REF-100176,36.0,9.0,TRANSFER_OUT,POS
177,SALE,11027,21,-4,2026-01-02T13:30:00,REF-100177,,,SALE,POS
178,SALE,13545,33,-5,2026-01-02T13:40:00,REF-100178,,,SALE,POS
179,TRANSFER_OUT,12835,34,-43,2026-01-02T13:50:00,REF-100179,19.0,6.0,TRANSFER_OUT,WMS
180,SALE,10766,33,-5,2026-01-02T14:00:00,REF-100180,,,SALE,ERP
181,SALE,14618,3,-5,2026-01-02T14:10:00,REF-100181,,,SALE,POS
182,SALE,10249,32,-5,2026-01-02T14:20:00,REF-100182,,,SALE,WMS
183,RECEIPT,10598,45,143,2026-01-02T14:30:00,REF-100183,,,RECEIPT,POS
184,SALE,12561,46,-4,2026-01-02T14:40:00,REF-100184,,,SALE,WMS
185,RECEIPT,12615,16,122,2026-01-02T14:50:00,REF-100185,,,RECEIPT,AgenticMesh
186,SALE,13426,16,-4,2026-01-02T15:00:00,REF-100186,,,SALE,ERP
187,TRANSFER_OUT,14086,20,-29,2026-01-02T15:10:00,REF-100187,32.0,2.0,TRANSFER_OUT,POS
188,TRANSFER_IN,10415,19,32,2026-01-02T15:20:00,REF-100188,32.0,39.0,TRANSFER_IN,AgenticMesh
189,SALE,12998,3,-1,2026-01-02T15:30:00,REF-100189,,,SALE,AgenticMesh
190,SALE,14131,29,-5,2026-01-02T15:40:00,REF-100190,,,SALE,WMS
191,TRANSFER_OUT,13058,51,-83,2026-01-02T15:50:00,REF-100191,22.0,36.0,TRANSFER_OUT,WMS
192,TRANSFER_OUT,10319,9,-70,2026-01-02T16:00:00,REF-100192,46.0,22.0,TRANSFER_OUT,AgenticMesh
193,SALE,11332,26,-2,2026-01-02T16:10:00,REF-100193,,,SALE,WMS
194,SALE,10137,24,-5,2026-01-02T16:20:00,REF-100194,,,SALE,WMS
195,RECEIPT,12176,42,169,2026-01-02T16:30:00,REF-100195,,,RECEIPT,ERP
196,RECEIPT,11985,3,142,2026-01-02T16:40:00,REF-100196,,,RECEIPT,POS
197,SALE,14111,50,-4,2026-01-02T16:50:00,REF-100197,,,SALE,AgenticMesh
198,TRANSFER_IN,13919,34,71,2026-01-02T17:00:00,REF-100198,25.0,21.0,TRANSFER_IN,ERP
199,SALE,11576,16,-5,2026-01-02T17:10:00,REF-100199,,,SALE,WMS
200,SALE,13931,23,-2,2026-01-02T17:20:00,REF-100200,,,SALE,WMS
201,SALE,12380,3,-5,2026-01-02T17:30:00,REF-100201,,,SALE,WMS
202,RETURN,11656,53,5,2026-01-02T17:40:00,REF-100202,,,RETURN,WMS
203,TRANSFER_IN,10416,43,83,2026-01-02T17:50:00,REF-100203,34.0,15.0,TRANSFER_IN,ERP
204,SALE,14509,11,-4,2026-01-02T18:00:00,REF-100204,,,SALE,AgenticMesh
205,RECEIPT,10485,50,142,2026-01-02T18:10:00,REF-100205,,,RECEIPT,POS
206,RECEIPT,11441,3,156,2026-01-02T18:20:00,REF-100206,,,RECEIPT,AgenticMesh
207,TRANSFER_OUT,10880,22,-9,2026-01-02T18:30:00,REF-100207,19.0,30.0,TRANSFER_OUT,AgenticMesh
208,TRANSFER_IN,11332,47,39,2026-01-02T18:40:00,REF-100208,30.0,42.0,TRANSFER_IN,WMS
209,RECEIPT,13322,53,106,2026-01-02T18:50:00,REF-100209,,,RECEIPT,AgenticMesh
210,SALE,12651,16,-1,2026-01-02T19:00:00,REF-100210,,,SALE,POS
211,SALE,10094,17,-2,2026-01-02T19:10:00,REF-100211,,,SALE,WMS
212,RECEIPT,14117,46,190,2026-01-02T19:20:00,REF-100212,,,RECEIPT,WMS
213,RECEIPT,11255,30,114,2026-01-02T19:30:00,REF-100213,,,RECEIPT,WMS
214,SALE,10671,34,-5,2026-01-02T19:40:00,REF-100214,,,SALE,AgenticMesh
215,SALE,11657,37,-3,2026-01-02T19:50:00,REF-100215,,,SALE,ERP
216,SALE,10745,33,-5,2026-01-02T20:00:00,REF-100216,,,SALE,AgenticMesh
217,TRANSFER_OUT,14578,30,-70,2026-01-02T20:10:00,REF-100217,44.0,52.0,TRANSFER_OUT,WMS
218,RECEIPT,10372,28,85,2026-01-02T20:20:00,REF-100218,,,RECEIPT,WMS
219,RECEIPT,11475,50,35,2026-01-02T20:30:00,REF-100219,,,RECEIPT,ERP
220,TRANSFER_OUT,14418,9,-53,2026-01-02T20:40:00,REF-100220,42.0,23.0,TRANSFER_OUT,POS
221,SALE,12445,30,-5,2026-01-02T20:50:00,REF-100221,,,SALE,AgenticMesh
222,SALE,10925,3,-2,2026-01-02T21:00:00,REF-100222,,,SALE,AgenticMesh
223,RECEIPT,13658,39,81,2026-01-02T21:10:00,REF-100223,,,RECEIPT,POS
224,SALE,11148,33,-1,2026-01-02T21:20:00,REF-100224,,,SALE,WMS
225,SALE,11174,43,-5,2026-01-02T21:30:00,REF-100225,,,SALE,ERP
226,SALE,14554,32,-3,2026-01-02T21:40:00,REF-100226,,,SALE,POS
227,RETURN,12457,25,7,2026-01-02T21:50:00,REF-100227,,,RETURN,ERP
228,TRANSFER_OUT,14608,27,-33,2026-01-02T22:00:00,REF-100228,27.0,36.0,TRANSFER_OUT,ERP
229,SALE,10758,35,-3,2026-01-02T22:10:00,REF-100229,,,SALE,ERP
230,SALE,14814,47,-4,2026-01-02T22:20:00,REF-100230,,,SALE,ERP
231,SALE,11988,45,-3,2026-01-02T22:30:00,REF-100231,,,SALE,ERP
232,SALE,12944,20,-2,2026-01-02T22:40:00,REF-100232,,,SALE,WMS
233,SALE,13037,21,-4,2026-01-02T22:50:00,REF-100233,,,SALE,AgenticMesh
234,SALE,13421,19,-2,2026-01-02T23:00:00,REF-100234,,,SALE,ERP
235,SALE,12109,49,-2,2026-01-02T23:10:00,REF-100235,,,SALE,AgenticMesh
236,RETURN,14478,32,6,2026-01-02T23:20:00,REF-100236,,,RETURN,ERP
237,TRANSFER_IN,10053,27,72,2026-01-02T23:30:00,REF-100237,9.0,41.0,TRANSFER_IN,ERP
238,SALE,13959,43,-2,2026-01-02T23:40:00,REF-100238,,,SALE,AgenticMesh
239,SALE,14389,19,-5,2026-01-02T23:50:00,REF-100239,,,SALE,POS
240,SALE,11573,40,-4,2026-01-03T00:00:00,REF-100240,,,SALE,WMS
241,TRANSFER_OUT,11993,45,-15,2026-01-03T00:10:00,REF-100241,15.0,20.0,TRANSFER_OUT,POS
242,RECEIPT,10460,41,43,2026-01-03T00:20:00,REF-100242,,,RECEIPT,POS
243,RECEIPT,14327,3,147,2026-01-03T00:30:00,REF-100243,,,RECEIPT,ERP
244,SALE,14617,43,-5,2026-01-03T00:40:00,REF-100244,,,SALE,POS
245,SALE,12452,11,-3,2026-01-03T00:50:00,REF-100245,,,SALE,ERP
246,SALE,14103,48,-4,2026-01-03T01:00:00,REF-100246,,,SALE,WMS
247,SALE,13250,50,-4,2026-01-03T01:10:00,REF-100247,,,SALE,WMS
248,SALE,13538,12,-3,2026-01-03T01:20:00,REF-100248,,,SALE,AgenticMesh
249,SALE,11264,25,-5,2026-01-03T01:30:00,REF-100249,,,SALE,ERP
250,RECEIPT,12949,49,112,2026-01-03T01:40:00,REF-100250,,,RECEIPT,WMS
251,SALE,13343,7,-1,2026-01-03T01:50:00,REF-100251,,,SALE,POS
252,SALE,12391,27,-5,2026-01-03T02:00:00,REF-100252,,,SALE,AgenticMesh
253,TRANSFER_OUT,11138,18,-78,2026-01-03T02:10:00,REF-100253,20.0,18.0,TRANSFER_OUT,AgenticMesh
254,SALE,12959,17,-2,2026-01-03T02:20:00,REF-100254,,,SALE,ERP
255,RECEIPT,12496,1,172,2026-01-03T02:30:00,REF-100255,,,RECEIPT,AgenticMesh
256,SALE,11116,20,-5,2026-01-03T02:40:00,REF-100256,,,SALE,WMS
257,RECEIPT,14023,37,142,2026-01-03T02:50:00,REF-100257,,,RECEIPT,ERP
258,SALE,14470,12,-3,2026-01-03T03:00:00,REF-100258,,,SALE,POS
259,RETURN,11141,41,2,2026-01-03T03:10:00,REF-100259,,,RETURN,WMS
260,SALE,14770,26,-2,2026-01-03T03:20:00,REF-100260,,,SALE,AgenticMesh
261,SALE,12909,11,-3,2026-01-03T03:30:00,REF-100261,,,SALE,POS
262,SALE,11819,33,-4,2026-01-03T03:40:00,REF-100262,,,SALE,ERP
263,SALE,10202,31,-4,2026-01-03T03:50:00,REF-100263,,,SALE,POS
264,SALE,13731,51,-1,2026-01-03T04:00:00,REF-100264,,,SALE,ERP
265,SALE,12460,3,-3,2026-01-03T04:10:00,REF-100265,,,SALE,POS
266,SALE,11430,36,-3,2026-01-03T04:20:00,REF-100266,,,SALE,ERP
267,SALE,13241,2,-4,2026-01-03T04:30:00,REF-100267,,,SALE,ERP
268,SALE,10513,37,-4,2026-01-03T04:40:00,REF-100268,,,SALE,POS
269,TRANSFER_OUT,12150,43,-51,2026-01-03T04:50:00,REF-100269,32.0,34.0,TRANSFER_OUT,WMS
270,SALE,11414,53,-5,2026-01-03T05:00:00,REF-100270,,,SALE,WMS
271,TRANSFER_IN,12502,8,22,2026-01-03T05:10:00,REF-100271,12.0,24.0,TRANSFER_IN,ERP
272,SALE,13987,41,-4,2026-01-03T05:20:00,REF-100272,,,SALE,ERP
273,SALE,10440,23,-4,2026-01-03T05:30:00,REF-100273,,,SALE,POS
274,SALE,13405,46,-2,2026-01-03T05:40:00,REF-100274,,,SALE,AgenticMesh
275,SALE,11842,35,-1,2026-01-03T05:50:00,REF-100275,,,SALE,WMS
276,SALE,14692,8,-4,2026-01-03T06:00:00,REF-100276,,,SALE,WMS
277,TRANSFER_OUT,13483,7,-10,2026-01-03T06:10:00,REF-100277,48.0,42.0,TRANSFER_OUT,ERP
278,SALE,11942,14,-1,2026-01-03T06:20:00,REF-100278,,,SALE,WMS
279,TRANSFER_IN,11696,52,26,2026-01-03T06:30:00,REF-100279,4.0,37.0,TRANSFER_IN,WMS
280,SALE,12191,33,-5,2026-01-03T06:40:00,REF-100280,,,SALE,POS
281,SALE,11199,46,-4,2026-01-03T06:50:00,REF-100281,,,SALE,WMS
282,TRANSFER_OUT,13074,29,-23,2026-01-03T07:00:00,REF-100282,5.0,41.0,TRANSFER_OUT,POS
283,SALE,10021,50,-3,2026-01-03T07:10:00,REF-100283,,,SALE,POS
284,RECEIPT,13259,14,182,2026-01-03T07:20:00,REF-100284,,,RECEIPT,AgenticMesh
285,TRANSFER_OUT,11070,37,-46,2026-01-03T07:30:00,REF-100285,32.0,51.0,TRANSFER_OUT,WMS
286,TRANSFER_IN,11295,29,85,2026-01-03T07:40:00,REF-100286,30.0,1.0,TRANSFER_IN,AgenticMesh
287,SALE,12052,6,-2,2026-01-03T07:50:00,REF-100287,,,SALE,WMS
288,RECEIPT,10748,46,33,2026-01-03T08:00:00,REF-100288,,,RECEIPT,POS
289,SALE,10077,1,-4,2026-01-03T08:10:00,REF-100289,,,SALE,WMS
290,TRANSFER_OUT,10732,47,-21,2026-01-03T08:20:00,REF-100290,52.0,7.0,TRANSFER_OUT,POS
291,SALE,14615,1,-3,2026-01-03T08:30:00,REF-100291,,,SALE,ERP
292,SALE,11780,6,-2,2026-01-03T08:40:00,REF-100292,,,SALE,POS
293,SALE,11146,16,-1,2026-01-03T08:50:00,REF-100293,,,SALE,WMS
294,RECEIPT,12472,14,161,2026-01-03T09:00:00,REF-100294,,,RECEIPT,ERP
295,RECEIPT,11975,32,185,2026-01-03T09:10:00,REF-100295,,,RECEIPT,POS
296,SALE,12994,35,-1,2026-01-03T09:20:00,REF-100296,,,SALE,ERP
297,TRANSFER_OUT,10327,4,-80,2026-01-03T09:30:00,REF-100297,51.0,26.0,TRANSFER_OUT,WMS
298,RECEIPT,14405,40,126,2026-01-03T09:40:00,REF-100298,,,RECEIPT,ERP
299,SALE,13201,38,-3,2026-01-03T09:50:00,REF-100299,,,SALE,POS
300,SALE,13715,40,-4,2026-01-03T10:00:00,REF-100300,,,SALE,POS
301,SALE,14067,23,-2,2026-01-03T10:10:00,REF-100301,,,SALE,WMS
302,SALE,12229,34,-2,2026-01-03T10:20:00,REF-100302,,,SALE,POS
303,SALE,10455,32,-5,2026-01-03T10:30:00,REF-100303,,,SALE,ERP
304,SALE,10022,3,-3,2026-01-03T10:40:00,REF-100304,,,SALE,POS
305,SALE,13436,15,-4,2026-01-03T10:50:00,REF-100305,,,SALE,WMS
306,SALE,10432,12,-3,2026-01-03T11:00:00,REF-100306,,,SALE,ERP
307,TRANSFER_OUT,10708,36,-13,2026-01-03T11:10:00,REF-100307,30.0,1.0,TRANSFER_OUT,WMS
308,SALE,14848,32,-5,2026-01-03T11:20:00,REF-100308,,,SALE,ERP
309,RECEIPT,14437,23,82,2026-01-03T11:30:00,REF-100309,,,RECEIPT,POS
310,RETURN,14341,16,5,2026-01-03T11:40:00,REF-100310,,,RETURN,AgenticMesh
311,SALE,14258,27,-1,2026-01-03T11:50:00,REF-100311,,,SALE,WMS
312,SALE,10614,38,-1,2026-01-03T12:00:00,REF-100312,,,SALE,POS
313,SALE,12606,29,-2,2026-01-03T12:10:00,REF-100313,,,SALE,WMS
314,SALE,13683,30,-2,2026-01-03T12:20:00,REF-100314,,,SALE,WMS
315,SALE,10983,6,-5,2026-01-03T12:30:00,REF-100315,,,SALE,ERP
316,TRANSFER_OUT,11216,6,-94,2026-01-03T12:40:00,REF-100316,46.0,16.0,TRANSFER_OUT,WMS
317,SALE,13705,36,-1,2026-01-03T12:50:00,REF-100317,,,SALE,ERP
318,SALE,11624,53,-1,2026-01-03T13:00:00,REF-100318,,,SALE,AgenticMesh
319,SALE,11620,42,-1,2026-01-03T13:10:00,REF-100319,,,SALE,AgenticMesh
320,TRANSFER_OUT,14702,28,-20,2026-01-03T13:20:00,REF-100320,53.0,47.0,TRANSFER_OUT,AgenticMesh
321,SALE,12253,18,-4,2026-01-03T13:30:00,REF-100321,,,SALE,AgenticMesh
322,TRANSFER_IN,13376,36,83,2026-01-03T13:40:00,REF-100322,31.0,4.0,TRANSFER_IN,POS
323,SALE,10160,25,-2,2026-01-03T13:50:00,REF-100323,,,SALE,WMS
324,SALE,11474,2,-4,2026-01-03T14:00:00,REF-100324,,,SALE,WMS
325,SALE,11907,11,-1,2026-01-03T14:10:00,REF-100325,,,SALE,POS
326,SALE,13182,23,-2,2026-01-03T14:20:00,REF-100326,,,SALE,ERP
327,SALE,12881,37,-5,2026-01-03T14:30:00,REF-100327,,,SALE,ERP
328,SALE,10740,4,-2,2026-01-03T14:40:00,REF-100328,,,SALE,ERP
329,RECEIPT,11069,22,154,2026-01-03T14:50:00,REF-100329,,,RECEIPT,ERP
330,TRANSFER_IN,14312,24,23,2026-01-03T15:00:00,REF-100330,5.0,24.0,TRANSFER_IN,AgenticMesh
331,SALE,12600,12,-3,2026-01-03T15:10:00,REF-100331,,,SALE,WMS
332,SALE,10015,45,-5,2026-01-03T15:20:00,REF-100332,,,SALE,AgenticMesh
333,TRANSFER_IN,14633,7,82,2026-01-03T15:30:00,REF-100333,32.0,10.0,TRANSFER_IN,WMS
334,RECEIPT,13659,1,108,2026-01-03T15:40:00,REF-100334,,,RECEIPT,WMS
335,SALE,13590,47,-1,2026-01-03T15:50:00,REF-100335,,,SALE,AgenticMesh
336,RETURN,13928,51,9,2026-01-03T16:00:00,REF-100336,,,RETURN,ERP
337,SALE,10608,22,-1,2026-01-03T16:10:00,REF-100337,,,SALE,ERP
338,TRANSFER_IN,13955,46,16,2026-01-03T16:20:00,REF-100338,2.0,28.0,TRANSFER_IN,ERP
339,RECEIPT,13353,45,60,2026-01-03T16:30:00,REF-100339,,,RECEIPT,WMS
340,RECEIPT,14022,10,80,2026-01-03T16:40:00,REF-100340,,,RECEIPT,POS
341,SALE,10795,2,-4,2026-01-03T16:50:00,REF-100341,,,SALE,ERP
342,SALE,14007,43,-3,2026-01-03T17:00:00,REF-100342,,,SALE,WMS
343,SALE,13652,3,-5,2026-01-03T17:10:00,REF-100343,,,SALE,WMS
344,SALE,10703,43,-3,2026-01-03T17:20:00,REF-100344,,,SALE,WMS
345,TRANSFER_OUT,13430,35,-34,2026-01-03T17:30:00,REF-100345,44.0,31.0,TRANSFER_OUT,ERP
346,SALE,14682,44,-1,2026-01-03T17:40:00,REF-100346,,,SALE,ERP
347,SALE,13469,6,-4,2026-01-03T17:50:00,REF-100347,,,SALE,AgenticMesh
348,SALE,14558,26,-2,2026-01-03T18:00:00,REF-100348,,,SALE,WMS
349,TRANSFER_IN,13438,8,94,2026-01-03T18:10:00,REF-100349,27.0,10.0,TRANSFER_IN,ERP
350,SALE,12817,27,-5,2026-01-03T18:20:00,REF-100350,,,SALE,WMS
351,SALE,13302,10,-4,2026-01-03T18:30:00,REF-100351,,,SALE,AgenticMesh
352,SALE,10166,22,-3,2026-01-03T18:40:00,REF-100352,,,SALE,WMS
353,SALE,13630,50,-4,2026-01-03T18:50:00,REF-100353,,,SALE,WMS
354,SALE,13336,48,-4,2026-01-03T19:00:00,REF-100354,,,SALE,AgenticMesh
355,TRANSFER_OUT,13305,9,-70,2026-01-03T19:10:00,REF-100355,50.0,34.0,TRANSFER_OUT,POS
356,SALE,11632,18,-2,2026-01-03T19:20:00,REF-100356,,,SALE,WMS
357,TRANSFER_OUT,14005,39,-86,2026-01-03T19:30:00,REF-100357,29.0,12.0,TRANSFER_OUT,AgenticMesh
358,SALE,13167,4,-3,2026-01-03T19:40:00,REF-100358,,,SALE,ERP
359,TRANSFER_IN,14205,2,33,2026-01-03T19:50:00,REF-100359,50.0,50.0,TRANSFER_IN,POS
360,SALE,14984,52,-2,2026-01-03T20:00:00,REF-100360,,,SALE,WMS
361,RECEIPT,13824,20,128,2026-01-03T20:10:00,REF-100361,,,RECEIPT,AgenticMesh
362,SALE,12316,20,-1,2026-01-03T20:20:00,REF-100362,,,SALE,POS
363,SALE,11544,10,-3,2026-01-03T20:30:00,REF-100363,,,SALE,ERP
364,TRANSFER_IN,12422,17,45,2026-01-03T20:40:00,REF-100364,27.0,26.0,TRANSFER_IN,AgenticMesh
365,RECEIPT,12937,33,166,2026-01-03T20:50:00,REF-100365,,,RECEIPT,WMS
366,TRANSFER_OUT,14580,49,-42,2026-01-03T21:00:00,REF-100366,12.0,44.0,TRANSFER_OUT,WMS
367,RECEIPT,13045,17,110,2026-01-03T21:10:00,REF-100367,,,RECEIPT,WMS
368,SALE,10584,31,-1,2026-01-03T21:20:00,REF-100368,,,SALE,ERP
369,SALE,11641,22,-4,2026-01-03T21:30:00,REF-100369,,,SALE,AgenticMesh
370,ADJUSTMENT,12725,41,-15,2026-01-03T21:40:00,REF-100370,,,ADJUSTMENT,ERP
371,SALE,11298,32,-1,2026-01-03T21:50:00,REF-100371,,,SALE,POS
372,SALE,10039,3,-4,2026-01-03T22:00:00,REF-100372,,,SALE,ERP
373,RECEIPT,11854,45,102,2026-01-03T22:10:00,REF-100373,,,RECEIPT,WMS
374,SALE,10375,20,-1,2026-01-03T22:20:00,REF-100374,,,SALE,WMS
375,SALE,14016,23,-5,2026-01-03T22:30:00,REF-100375,,,SALE,ERP
376,SALE,14831,33,-4,2026-01-03T22:40:00,REF-100376,,,SALE,ERP
377,SALE,14866,4,-1,2026-01-03T22:50:00,REF-100377,,,SALE,POS
378,RECEIPT,11013,36,32,2026-01-03T23:00:00,REF-100378,,,RECEIPT,WMS
379,SALE,10828,43,-2,2026-01-03T23:10:00,REF-100379,,,SALE,WMS
380,RECEIPT,10934,51,127,2026-01-03T23:20:00,REF-100380,,,RECEIPT,POS
381,SALE,12420,11,-5,2026-01-03T23:30:00,REF-100381,,,SALE,POS
382,SALE,10730,8,-2,2026-01-03T23:40:00,REF-100382,,,SALE,AgenticMesh
383,SALE,13742,19,-1,2026-01-03T23:50:00,REF-100383,,,SALE,WMS
384,SALE,10950,7,-1,2026-01-04T00:00:00,REF-100384,,,SALE,POS
385,SALE,12198,47,-2,2026-01-04T00:10:00,REF-100385,,,SALE,POS
386,SALE,13160,45,-3,2026-01-04T00:20:00,REF-100386,,,SALE,AgenticMesh
387,TRANSFER_OUT,13409,38,-21,2026-01-04T00:30:00,REF-100387,31.0,52.0,TRANSFER_OUT,AgenticMesh
388,SALE,10926,27,-4,2026-01-04T00:40:00,REF-100388,,,SALE,AgenticMesh
389,SALE,11835,43,-3,2026-01-04T00:50:00,REF-100389,,,SALE,WMS
390,SALE,13153,10,-5,2026-01-04T01:00:00,REF-100390,,,SALE,POS
391,SALE,12627,16,-2,2026-01-04T01:10:00,REF-100391,,,SALE,WMS
392,RETURN,10646,30,7,2026-01-04T01:20:00,REF-100392,,,RETURN,AgenticMesh
393,TRANSFER_OUT,10146,7,-68,2026-01-04T01:30:00,REF-100393,26.0,27.0,TRANSFER_OUT,POS
394,SALE,11695,42,-1,2026-01-04T01:40:00,REF-100394,,,SALE,AgenticMesh
395,RETURN,14915,31,6,2026-01-04T01:50:00,REF-100395,,,RETURN,WMS
396,RECEIPT,12392,36,44,2026-01-04T02:00:00,REF-100396,,,RECEIPT,WMS
397,RECEIPT,11605,13,62,2026-01-04T02:10:00,REF-100397,,,RECEIPT,POS
398,TRANSFER_IN,10381,41,29,2026-01-04T02:20:00,REF-100398,44.0,38.0,TRANSFER_IN,POS
399,TRANSFER_OUT,10036,34,-89,2026-01-04T02:30:00,REF-100399,48.0,4.0,TRANSFER_OUT,AgenticMesh
400,TRANSFER_OUT,10849,25,-27,2026-01-04T02:40:00,REF-100400,43.0,39.0,TRANSFER_OUT,WMS
401,SALE,12809,19,-4,2026-01-04T02:50:00,REF-100401,,,SALE,AgenticMesh
402,TRANSFER_OUT,12572,46,-82,2026-01-04T03:00:00,REF-100402,48.0,36.0,TRANSFER_OUT,ERP
403,SALE,14445,45,-5,2026-01-04T03:10:00,REF-100403,,,SALE,WMS
404,RECEIPT,12343,28,163,2026-01-04T03:20:00,REF-100404,,,RECEIPT,POS
405,SALE,11319,19,-1,2026-01-04T03:30:00,REF-100405,,,SALE,WMS
406,SALE,13708,7,-1,2026-01-04T03:40:00,REF-100406,,,SALE,ERP
407,RECEIPT,13175,27,119,2026-01-04T03:50:00,REF-100407,,,RECEIPT,WMS
408,RETURN,11848,41,4,2026-01-04T04:00:00,REF-100408,,,RETURN,WMS
409,TRANSFER_OUT,11454,44,-30,2026-01-04T04:10:00,REF-100409,5.0,12.0,TRANSFER_OUT,ERP
410,RECEIPT,11066,11,116,2026-01-04T04:20:00,REF-100410,,,RECEIPT,WMS
411,SALE,12468,32,-4,2026-01-04T04:30:00,REF-100411,,,SALE,WMS
412,SALE,11306,27,-3,2026-01-04T04:40:00,REF-100412,,,SALE,AgenticMesh
413,SALE,11790,49,-2,2026-01-04T04:50:00,REF-100413,,,SALE,AgenticMesh
414,DAMAGE,11998,3,-10,2026-01-04T05:00:00,REF-100414,,,DAMAGE,WMS
415,SALE,13072,33,-1,2026-01-04T05:10:00,REF-100415,,,SALE,AgenticMesh
416,SALE,11372,50,-3,2026-01-04T05:20:00,REF-100416,,,SALE,POS
417,RECEIPT,14406,45,191,2026-01-04T05:30:00,REF-100417,,,RECEIPT,AgenticMesh
418,RECEIPT,10717,5,195,2026-01-04T05:40:00,REF-100418,,,RECEIPT,POS
419,SALE,13179,29,-3,2026-01-04T05:50:00,REF-100419,,,SALE,AgenticMesh
420,SALE,10519,49,-1,2026-01-04T06:00:00,REF-100420,,,SALE,POS
421,RECEIPT,10709,19,111,2026-01-04T06:10:00,REF-100421,,,RECEIPT,AgenticMesh
422,SALE,14471,19,-1,2026-01-04T06:20:00,REF-100422,,,SALE,ERP
423,SALE,10042,37,-3,2026-01-04T06:30:00,REF-100423,,,SALE,AgenticMesh
424,SALE,14199,10,-1,2026-01-04T06:40:00,REF-100424,,,SALE,ERP
425,SALE,14497,30,-5,2026-01-04T06:50:00,REF-100425,,,SALE,POS
426,SALE,12926,9,-1,2026-01-04T07:00:00,REF-100426,,,SALE,ERP
427,SALE,12505,45,-5,2026-01-04T07:10:00,REF-100427,,,SALE,ERP
428,SALE,11815,46,-3,2026-01-04T07:20:00,REF-100428,,,SALE,AgenticMesh
429,SALE,13649,23,-3,2026-01-04T07:30:00,REF-100429,,,SALE,WMS
430,SALE,14413,13,-1,2026-01-04T07:40:00,REF-100430,,,SALE,WMS
431,RECEIPT,13319,50,39,2026-01-04T07:50:00,REF-100431,,,RECEIPT,ERP
432,TRANSFER_IN,13216,15,74,2026-01-04T08:00:00,REF-100432,50.0,38.0,TRANSFER_IN,WMS
433,SALE,11957,52,-5,2026-01-04T08:10:00,REF-100433,,,SALE,ERP
434,TRANSFER_OUT,13961,23,-25,2026-01-04T08:20:00,REF-100434,3.0,15.0,TRANSFER_OUT,AgenticMesh
435,SALE,13180,31,-3,2026-01-04T08:30:00,REF-100435,,,SALE,AgenticMesh
436,TRANSFER_IN,12158,38,18,2026-01-04T08:40:00,REF-100436,35.0,37.0,TRANSFER_IN,ERP
437,SALE,13083,15,-4,2026-01-04T08:50:00,REF-100437,,,SALE,AgenticMesh
438,SALE,13604,11,-3,2026-01-04T09:00:00,REF-100438,,,SALE,ERP
439,SALE,10970,43,-3,2026-01-04T09:10:00,REF-100439,,,SALE,ERP
440,SALE,14840,11,-3,2026-01-04T09:20:00,REF-100440,,,SALE,AgenticMesh
441,SALE,10322,37,-1,2026-01-04T09:30:00,REF-100441,,,SALE,ERP
442,SALE,12323,6,-3,2026-01-04T09:40:00,REF-100442,,,SALE,ERP
443,SALE,14774,53,-4,2026-01-04T09:50:00,REF-100443,,,SALE,ERP
444,RECEIPT,14839,5,87,2026-01-04T10:00:00,REF-100444,,,RECEIPT,ERP
445,SALE,11226,39,-2,2026-01-04T10:10:00,REF-100445,,,SALE,POS
446,SALE,13951,43,-5,2026-01-04T10:20:00,REF-100446,,,SALE,ERP
447,TRANSFER_IN,13035,3,88,2026-01-04T10:30:00,REF-100447,45.0,34.0,TRANSFER_IN,AgenticMesh
448,SALE,11097,17,-4,2026-01-04T10:40:00,REF-100448,,,SALE,AgenticMesh
449,TRANSFER_OUT,10045,46,-81,2026-01-04T10:50:00,REF-100449,48.0,51.0,TRANSFER_OUT,POS
450,SALE,12968,7,-1,2026-01-04T11:00:00,REF-100450,,,SALE,ERP
451,SALE,12258,44,-5,2026-01-04T11:10:00,REF-100451,,,SALE,AgenticMesh
452,TRANSFER_OUT,14546,31,-76,2026-01-04T11:20:00,REF-100452,17.0,20.0,TRANSFER_OUT,WMS
453,TRANSFER_OUT,10822,14,-89,2026-01-04T11:30:00,REF-100453,33.0,26.0,TRANSFER_OUT,WMS
454,TRANSFER_OUT,10044,52,-92,2026-01-04T11:40:00,REF-100454,6.0,53.0,TRANSFER_OUT,ERP
455,SALE,10656,39,-5,2026-01-04T11:50:00,REF-100455,,,SALE,POS
456,RECEIPT,11436,41,177,2026-01-04T12:00:00,REF-100456,,,RECEIPT,AgenticMesh
457,SALE,14183,34,-2,2026-01-04T12:10:00,REF-100457,,,SALE,ERP
458,RECEIPT,12261,50,112,2026-01-04T12:20:00,REF-100458,,,RECEIPT,AgenticMesh
459,SALE,10739,36,-4,2026-01-04T12:30:00,REF-100459,,,SALE,WMS
460,RECEIPT,11594,30,169,2026-01-04T12:40:00,REF-100460,,,RECEIPT,AgenticMesh
461,SALE,14122,19,-3,2026-01-04T12:50:00,REF-100461,,,SALE,WMS
462,TRANSFER_IN,14614,31,78,2026-01-04T13:00:00,REF-100462,50.0,16.0,TRANSFER_IN,WMS
463,RETURN,12113,5,1,2026-01-04T13:10:00,REF-100463,,,RETURN,AgenticMesh
464,RECEIPT,14232,35,193,2026-01-04T13:20:00,REF-100464,,,RECEIPT,POS
465,RECEIPT,14543,12,83,2026-01-04T13:30:00,REF-100465,,,RECEIPT,AgenticMesh
466,SALE,11924,48,-2,2026-01-04T13:40:00,REF-100466,,,SALE,ERP
467,TRANSFER_IN,10874,8,36,2026-01-04T13:50:00,REF-100467,6.0,44.0,TRANSFER_IN,AgenticMesh
468,RECEIPT,14707,18,30,2026-01-04T14:00:00,REF-100468,,,RECEIPT,AgenticMesh
469,SALE,14307,52,-5,2026-01-04T14:10:00,REF-100469,,,SALE,AgenticMesh
470,SALE,10987,45,-5,2026-01-04T14:20:00,REF-100470,,,SALE,AgenticMesh
471,SALE,12666,24,-1,2026-01-04T14:30:00,REF-100471,,,SALE,WMS
472,SALE,11507,32,-3,2026-01-04T14:40:00,REF-100472,,,SALE,AgenticMesh
473,SALE,11075,37,-3,2026-01-04T14:50:00,REF-100473,,,SALE,ERP
474,TRANSFER_OUT,11226,31,-76,2026-01-04T15:00:00,REF-100474,52.0,1.0,TRANSFER_OUT,ERP
475,SALE,12056,36,-2,2026-01-04T15:10:00,REF-100475,,,SALE,POS
476,SALE,13686,48,-2,2026-01-04T15:20:00,REF-100476,,,SALE,WMS
477,SALE,10994,23,-3,2026-01-04T15:30:00,REF-100477,,,SALE,ERP
478,SALE,13662,6,-5,2026-01-04T15:40:00,REF-100478,,,SALE,AgenticMesh
479,RECEIPT,14683,26,181,2026-01-04T15:50:00,REF-100479,,,RECEIPT,POS
480,SALE,13240,18,-3,2026-01-04T16:00:00,REF-100480,,,SALE,AgenticMesh
481,TRANSFER_OUT,10190,9,-71,2026-01-04T16:10:00,REF-100481,47.0,16.0,TRANSFER_OUT,WMS
482,TRANSFER_IN,13877,36,55,2026-01-04T16:20:00,REF-100482,4.0,2.0,TRANSFER_IN,AgenticMesh
483,SALE,12535,15,-1,2026-01-04T16:30:00,REF-100483,,,SALE,ERP
484,RECEIPT,10288,43,180,2026-01-04T16:40:00,REF-100484,,,RECEIPT,WMS
485,TRANSFER_IN,11107,45,74,2026-01-04T16:50:00,REF-100485,35.0,12.0,TRANSFER_IN,AgenticMesh
486,RECEIPT,13946,35,131,2026-01-04T17:00:00,REF-100486,,,RECEIPT,ERP
487,TRANSFER_OUT,10087,1,-51,2026-01-04T17:10:00,REF-100487,34.0,53.0,TRANSFER_OUT,ERP
488,SALE,10075,50,-4,2026-01-04T17:20:00,REF-100488,,,SALE,AgenticMesh
489,TRANSFER_OUT,14593,28,-5,2026-01-04T17:30:00,REF-100489,26.0,16.0,TRANSFER_OUT,ERP
490,RECEIPT,14233,49,116,2026-01-04T17:40:00,REF-100490,,,RECEIPT,WMS
491,SALE,12373,8,-5,2026-01-04T17:50:00,REF-100491,,,SALE,AgenticMesh
492,RECEIPT,11247,4,199,2026-01-04T18:00:00,REF-100492,,,RECEIPT,POS
493,SALE,10739,10,-1,2026-01-04T18:10:00,REF-100493,,,SALE,POS
494,SALE,12706,6,-3,2026-01-04T18:20:00,REF-100494,,,SALE,ERP
495,SALE,13126,1,-4,2026-01-04T18:30:00,REF-100495,,,SALE,POS
496,RETURN,10770,34,1,2026-01-04T18:40:00,REF-100496,,,RETURN,ERP
497,SALE,11001,17,-3,2026-01-04T18:50:00,REF-100497,,,SALE,AgenticMesh
498,RECEIPT,13557,21,112,2026-01-04T19:00:00,REF-100498,,,RECEIPT,POS
499,SALE,14761,51,-3,2026-01-04T19:10:00,REF-100499,,,SALE,AgenticMesh
500,RECEIPT,12773,49,115,2026-01-04T19:20:00,REF-100500,,,RECEIPT,POS
501,SALE,12595,36,-2,2026-01-04T19:30:00,REF-100501,,,SALE,WMS
502,TRANSFER_OUT,12054,3,-7,2026-01-04T19:40:00,REF-100502,32.0,46.0,TRANSFER_OUT,AgenticMesh
503,SALE,12849,21,-5,2026-01-04T19:50:00,REF-100503,,,SALE,AgenticMesh
504,SALE,12423,53,-5,2026-01-04T20:00:00,REF-100504,,,SALE,WMS
505,SALE,12983,50,-4,2026-01-04T20:10:00,REF-100505,,,SALE,ERP
506,SALE,14518,10,-1,2026-01-04T20:20:00,REF-100506,,,SALE,WMS
507,SALE,11464,3,-3,2026-01-04T20:30:00,REF-100507,,,SALE,ERP
508,SALE,14836,17,-2,2026-01-04T20:40:00,REF-100508,,,SALE,POS
509,SALE,10498,24,-5,2026-01-04T20:50:00,REF-100509,,,SALE,AgenticMesh
510,TRANSFER_OUT,10639,14,-39,2026-01-04T21:00:00,REF-100510,34.0,7.0,TRANSFER_OUT,POS
511,RECEIPT,11466,36,118,2026-01-04T21:10:00,REF-100511,,,RECEIPT,AgenticMesh
512,RECEIPT,11478,36,111,2026-01-04T21:20:00,REF-100512,,,RECEIPT,AgenticMesh
513,SALE,12660,24,-2,2026-01-04T21:30:00,REF-100513,,,SALE,AgenticMesh
514,TRANSFER_OUT,13073,50,-82,2026-01-04T21:40:00,REF-100514,36.0,48.0,TRANSFER_OUT,WMS
515,SALE,10134,34,-4,2026-01-04T21:50:00,REF-100515,,,SALE,ERP
516,DAMAGE,12261,36,-1,2026-01-04T22:00:00,REF-100516,,,DAMAGE,ERP
517,SALE,12047,15,-4,2026-01-04T22:10:00,REF-100517,,,SALE,WMS
518,TRANSFER_OUT,13953,12,-56,2026-01-04T22:20:00,REF-100518,32.0,53.0,TRANSFER_OUT,POS
519,SALE,12740,23,-3,2026-01-04T22:30:00,REF-100519,,,SALE,AgenticMesh
520,SALE,10444,20,-1,2026-01-04T22:40:00,REF-100520,,,SALE,POS
521,SALE,13219,29,-5,2026-01-04T22:50:00,REF-100521,,,SALE,POS
522,SALE,14682,48,-3,2026-01-04T23:00:00,REF-100522,,,SALE,POS
523,SALE,13940,36,-3,2026-01-04T23:10:00,REF-100523,,,SALE,ERP
524,SALE,10587,18,-5,2026-01-04T23:20:00,REF-100524,,,SALE,AgenticMesh
525,SALE,12854,13,-5,2026-01-04T23:30:00,REF-100525,,,SALE,WMS
526,SALE,11195,29,-1,2026-01-04T23:40:00,REF-100526,,,SALE,POS
527,TRANSFER_IN,10447,16,52,2026-01-04T23:50:00,REF-100527,40.0,10.0,TRANSFER_IN,WMS
528,SALE,14408,14,-1,2026-01-05T00:00:00,REF-100528,,,SALE,ERP
529,SALE,14776,43,-3,2026-01-05T00:10:00,REF-100529,,,SALE,POS
530,SALE,13809,42,-1,2026-01-05T00:20:00,REF-100530,,,SALE,POS
531,SALE,13167,15,-3,2026-01-05T00:30:00,REF-100531,,,SALE,AgenticMesh
532,SALE,11630,33,-1,2026-01-05T00:40:00,REF-100532,,,SALE,AgenticMesh
533,SALE,13223,48,-1,2026-01-05T00:50:00,REF-100533,,,SALE,ERP
534,SALE,10508,41,-3,2026-01-05T01:00:00,REF-100534,,,SALE,WMS
535,TRANSFER_IN,11125,6,33,2026-01-05T01:10:00,REF-100535,47.0,25.0,TRANSFER_IN,ERP
536,SALE,14442,9,-5,2026-01-05T01:20:00,REF-100536,,,SALE,ERP
537,RECEIPT,11108,28,158,2026-01-05T01:30:00,REF-100537,,,RECEIPT,ERP
538,RECEIPT,11509,21,60,2026-01-05T01:40:00,REF-100538,,,RECEIPT,ERP
539,RECEIPT,11245,50,125,2026-01-05T01:50:00,REF-100539,,,RECEIPT,ERP
540,SALE,11892,39,-2,2026-01-05T02:00:00,REF-100540,,,SALE,ERP
541,SALE,14954,31,-1,2026-01-05T02:10:00,REF-100541,,,SALE,WMS
542,SALE,10265,27,-4,2026-01-05T02:20:00,REF-100542,,,SALE,POS
543,TRANSFER_IN,11451,29,90,2026-01-05T02:30:00,REF-100543,40.0,32.0,TRANSFER_IN,WMS
544,TRANSFER_IN,13229,40,10,2026-01-05T02:40:00,REF-100544,48.0,37.0,TRANSFER_IN,POS
545,SALE,10322,36,-4,2026-01-05T02:50:00,REF-100545,,,SALE,AgenticMesh
546,SALE,13780,11,-1,2026-01-05T03:00:00,REF-100546,,,SALE,AgenticMesh
547,SALE,14102,8,-1,2026-01-05T03:10:00,REF-100547,,,SALE,ERP
548,TRANSFER_OUT,11466,30,-55,2026-01-05T03:20:00,REF-100548,38.0,46.0,TRANSFER_OUT,ERP
549,TRANSFER_IN,10936,46,93,2026-01-05T03:30:00,REF-100549,29.0,41.0,TRANSFER_IN,WMS
550,SALE,10360,50,-4,2026-01-05T03:40:00,REF-100550,,,SALE,ERP
551,TRANSFER_IN,13438,20,25,2026-01-05T03:50:00,REF-100551,20.0,47.0,TRANSFER_IN,AgenticMesh
552,SALE,10101,30,-2,2026-01-05T04:00:00,REF-100552,,,SALE,AgenticMesh
553,TRANSFER_IN,13898,30,68,2026-01-05T04:10:00,REF-100553,27.0,29.0,TRANSFER_IN,POS
554,RECEIPT,11701,4,82,2026-01-05T04:20:00,REF-100554,,,RECEIPT,ERP
555,SALE,12713,6,-3,2026-01-05T04:30:00,REF-100555,,,SALE,POS
556,SALE,14606,12,-2,2026-01-05T04:40:00,REF-100556,,,SALE,AgenticMesh
557,RECEIPT,10555,49,29,2026-01-05T04:50:00,REF-100557,,,RECEIPT,AgenticMesh
558,TRANSFER_OUT,14318,27,-65,2026-01-05T05:00:00,REF-100558,34.0,14.0,TRANSFER_OUT,ERP
559,RECEIPT,14955,51,166,2026-01-05T05:10:00,REF-100559,,,RECEIPT,WMS
560,SALE,14610,32,-3,2026-01-05T05:20:00,REF-100560,,,SALE,AgenticMesh
561,SALE,10969,2,-2,2026-01-05T05:30:00,REF-100561,,,SALE,AgenticMesh
562,RECEIPT,12865,36,73,2026-01-05T05:40:00,REF-100562,,,RECEIPT,ERP
563,SALE,14151,36,-2,2026-01-05T05:50:00,REF-100563,,,SALE,WMS
564,TRANSFER_OUT,10239,12,-47,2026-01-05T06:00:00,REF-100564,13.0,22.0,TRANSFER_OUT,WMS
565,TRANSFER_IN,13774,35,87,2026-01-05T06:10:00,REF-100565,22.0,30.0,TRANSFER_IN,AgenticMesh
566,TRANSFER_IN,10154,14,77,2026-01-05T06:20:00,REF-100566,37.0,44.0,TRANSFER_IN,WMS
567,TRANSFER_OUT,14377,11,-24,2026-01-05T06:30:00,REF-100567,37.0,39.0,TRANSFER_OUT,AgenticMesh
568,SALE,10712,32,-1,2026-01-05T06:40:00,REF-100568,,,SALE,ERP
569,SALE,10307,50,-3,2026-01-05T06:50:00,REF-100569,,,SALE,ERP
570,TRANSFER_IN,12787,31,66,2026-01-05T07:00:00,REF-100570,47.0,34.0,TRANSFER_IN,WMS
571,TRANSFER_OUT,13764,25,-71,2026-01-05T07:10:00,REF-100571,46.0,34.0,TRANSFER_OUT,POS
572,SALE,10845,34,-1,2026-01-05T07:20:00,REF-100572,,,SALE,WMS
573,SALE,12267,35,-3,2026-01-05T07:30:00,REF-100573,,,SALE,WMS
574,TRANSFER_OUT,14585,33,-24,2026-01-05T07:40:00,REF-100574,7.0,14.0,TRANSFER_OUT,WMS
575,SALE,10584,20,-3,2026-01-05T07:50:00,REF-100575,,,SALE,WMS
576,SALE,10441,6,-1,2026-01-05T08:00:00,REF-100576,,,SALE,AgenticMesh
577,SALE,12560,22,-5,2026-01-05T08:10:00,REF-100577,,,SALE,ERP
578,RECEIPT,10797,30,40,2026-01-05T08:20:00,REF-100578,,,RECEIPT,WMS
579,RECEIPT,12978,26,140,2026-01-05T08:30:00,REF-100579,,,RECEIPT,ERP
580,RECEIPT,10925,23,103,2026-01-05T08:40:00,REF-100580,,,RECEIPT,AgenticMesh
581,SALE,10844,26,-2,2026-01-05T08:50:00,REF-100581,,,SALE,POS
582,SALE,11955,40,-1,2026-01-05T09:00:00,REF-100582,,,SALE,ERP
583,SALE,13567,37,-4,2026-01-05T09:10:00,REF-100583,,,SALE,WMS
584,SALE,10937,38,-2,2026-01-05T09:20:00,REF-100584,,,SALE,AgenticMesh
585,SALE,10891,44,-1,2026-01-05T09:30:00,REF-100585,,,SALE,AgenticMesh
586,SALE,11202,43,-1,2026-01-05T09:40:00,REF-100586,,,SALE,ERP
587,SALE,12594,20,-3,2026-01-05T09:50:00,REF-100587,,,SALE,WMS
588,TRANSFER_IN,13312,9,79,2026-01-05T10:00:00,REF-100588,19.0,4.0,TRANSFER_IN,WMS
589,TRANSFER_IN,10256,16,76,2026-01-05T10:10:00,REF-100589,28.0,45.0,TRANSFER_IN,AgenticMesh
590,RECEIPT,13891,9,123,2026-01-05T10:20:00,REF-100590,,,RECEIPT,ERP
591,SALE,10588,42,-3,2026-01-05T10:30:00,REF-100591,,,SALE,POS
592,SALE,13736,51,-4,2026-01-05T10:40:00,REF-100592,,,SALE,AgenticMesh
593,RECEIPT,11850,12,150,2026-01-05T10:50:00,REF-100593,,,RECEIPT,AgenticMesh
594,RECEIPT,14475,37,147,2026-01-05T11:00:00,REF-100594,,,RECEIPT,WMS
595,SALE,13945,45,-1,2026-01-05T11:10:00,REF-100595,,,SALE,POS
596,SALE,10725,16,-5,2026-01-05T11:20:00,REF-100596,,,SALE,AgenticMesh
597,RECEIPT,10433,22,195,2026-01-05T11:30:00,REF-100597,,,RECEIPT,POS
598,SALE,12414,19,-5,2026-01-05T11:40:00,REF-100598,,,SALE,ERP
599,SALE,14737,11,-5,2026-01-05T11:50:00,REF-100599,,,SALE,POS
600,RECEIPT,14142,5,179,2026-01-05T12:00:00,REF-100600,,,RECEIPT,WMS
601,SALE,11431,38,-5,2026-01-05T12:10:00,REF-100601,,,SALE,ERP
602,RECEIPT,14321,3,64,2026-01-05T12:20:00,REF-100602,,,RECEIPT,WMS
603,ADJUSTMENT,13606,47,4,2026-01-05T12:30:00,REF-100603,,,ADJUSTMENT,ERP
604,SALE,13802,26,-3,2026-01-05T12:40:00,REF-100604,,,SALE,AgenticMesh
605,SALE,11190,34,-5,2026-01-05T12:50:00,REF-100605,,,SALE,AgenticMesh
606,SALE,14353,41,-4,2026-01-05T13:00:00,REF-100606,,,SALE,WMS
607,RETURN,10806,17,6,2026-01-05T13:10:00,REF-100607,,,RETURN,AgenticMesh
608,SALE,12567,36,-2,2026-01-05T13:20:00,REF-100608,,,SALE,POS
609,RECEIPT,12880,15,23,2026-01-05T13:30:00,REF-100609,,,RECEIPT,WMS
610,SALE,14911,41,-1,2026-01-05T13:40:00,REF-100610,,,SALE,POS
611,RECEIPT,10909,45,42,2026-01-05T13:50:00,REF-100611,,,RECEIPT,ERP
612,SALE,12650,17,-4,2026-01-05T14:00:00,REF-100612,,,SALE,ERP
613,TRANSFER_OUT,12169,12,-53,2026-01-05T14:10:00,REF-100613,29.0,5.0,TRANSFER_OUT,AgenticMesh
614,RETURN,14429,50,8,2026-01-05T14:20:00,REF-100614,,,RETURN,AgenticMesh
615,SALE,10577,37,-1,2026-01-05T14:30:00,REF-100615,,,SALE,WMS
616,TRANSFER_OUT,12183,10,-24,2026-01-05T14:40:00,REF-100616,45.0,22.0,TRANSFER_OUT,AgenticMesh
617,SALE,11851,1,-5,2026-01-05T14:50:00,REF-100617,,,SALE,AgenticMesh
618,RETURN,13282,4,6,2026-01-05T15:00:00,REF-100618,,,RETURN,POS
619,SALE,10323,25,-3,2026-01-05T15:10:00,REF-100619,,,SALE,ERP
620,SALE,13588,48,-4,2026-01-05T15:20:00,REF-100620,,,SALE,ERP
621,SALE,10517,51,-2,2026-01-05T15:30:00,REF-100621,,,SALE,WMS
622,SALE,13322,8,-4,2026-01-05T15:40:00,REF-100622,,,SALE,ERP
623,TRANSFER_OUT,10591,3,-91,2026-01-05T15:50:00,REF-100623,48.0,10.0,TRANSFER_OUT,AgenticMesh
624,RECEIPT,10410,20,178,2026-01-05T16:00:00,REF-100624,,,RECEIPT,POS
625,SALE,11807,5,-2,2026-01-05T16:10:00,REF-100625,,,SALE,ERP
626,SALE,12635,51,-4,2026-01-05T16:20:00,REF-100626,,,SALE,ERP
627,TRANSFER_OUT,13401,11,-47,2026-01-05T16:30:00,REF-100627,45.0,24.0,TRANSFER_OUT,ERP
628,SALE,10129,32,-5,2026-01-05T16:40:00,REF-100628,,,SALE,POS
629,SALE,13900,45,-2,2026-01-05T16:50:00,REF-100629,,,SALE,ERP
630,SALE,10309,39,-3,2026-01-05T17:00:00,REF-100630,,,SALE,ERP
631,RECEIPT,14569,16,42,2026-01-05T17:10:00,REF-100631,,,RECEIPT,ERP
632,SALE,13803,50,-5,2026-01-05T17:20:00,REF-100632,,,SALE,ERP
633,SALE,11309,43,-2,2026-01-05T17:30:00,REF-100633,,,SALE,POS
634,SALE,13713,3,-3,2026-01-05T17:40:00,REF-100634,,,SALE,POS
635,RECEIPT,10581,16,65,2026-01-05T17:50:00,REF-100635,,,RECEIPT,AgenticMesh
636,SALE,12672,15,-3,2026-01-05T18:00:00,REF-100636,,,SALE,POS
637,SALE,13969,4,-4,2026-01-05T18:10:00,REF-100637,,,SALE,AgenticMesh
638,SALE,11591,41,-5,2026-01-05T18:20:00,REF-100638,,,SALE,WMS
639,RETURN,11119,8,10,2026-01-05T18:30:00,REF-100639,,,RETURN,AgenticMesh
640,SALE,11393,37,-2,2026-01-05T18:40:00,REF-100640,,,SALE,ERP
641,SALE,10119,47,-5,2026-01-05T18:50:00,REF-100641,,,SALE,AgenticMesh
642,RECEIPT,11221,37,83,2026-01-05T19:00:00,REF-100642,,,RECEIPT,POS
643,SALE,14351,26,-1,2026-01-05T19:10:00,REF-100643,,,SALE,AgenticMesh
644,TRANSFER_OUT,13332,14,-68,2026-01-05T19:20:00,REF-100644,9.0,23.0,TRANSFER_OUT,WMS
645,SALE,14673,48,-1,2026-01-05T19:30:00,REF-100645,,,SALE,POS
646,RETURN,10012,41,3,2026-01-05T19:40:00,REF-100646,,,RETURN,POS
647,SALE,14444,37,-3,2026-01-05T19:50:00,REF-100647,,,SALE,ERP
648,TRANSFER_OUT,10423,8,-47,2026-01-05T20:00:00,REF-100648,25.0,24.0,TRANSFER_OUT,AgenticMesh
649,RECEIPT,11678,9,113,2026-01-05T20:10:00,REF-100649,,,RECEIPT,WMS
650,SALE,12626,23,-1,2026-01-05T20:20:00,REF-100650,,,SALE,WMS
651,SALE,13984,33,-4,2026-01-05T20:30:00,REF-100651,,,SALE,POS
652,SALE,10538,13,-5,2026-01-05T20:40:00,REF-100652,,,SALE,AgenticMesh
653,SALE,10918,45,-4,2026-01-05T20:50:00,REF-100653,,,SALE,ERP
654,SALE,11082,31,-2,2026-01-05T21:00:00,REF-100654,,,SALE,WMS
655,SALE,12752,27,-1,2026-01-05T21:10:00,REF-100655,,,SALE,WMS
656,RECEIPT,13752,20,144,2026-01-05T21:20:00,REF-100656,,,RECEIPT,ERP
657,TRANSFER_IN,10388,10,34,2026-01-05T21:30:00,REF-100657,23.0,19.0,TRANSFER_IN,AgenticMesh
658,RETURN,11258,11,5,2026-01-05T21:40:00,REF-100658,,,RETURN,ERP
659,SALE,11681,36,-3,2026-01-05T21:50:00,REF-100659,,,SALE,POS
660,RECEIPT,12471,8,57,2026-01-05T22:00:00,REF-100660,,,RECEIPT,POS
661,SALE,14157,22,-4,2026-01-05T22:10:00,REF-100661,,,SALE,WMS
662,SALE,10921,47,-3,2026-01-05T22:20:00,REF-100662,,,SALE,AgenticMesh
663,TRANSFER_IN,11806,29,19,2026-01-05T22:30:00,REF-100663,23.0,6.0,TRANSFER_IN,WMS
664,SALE,10685,35,-2,2026-01-05T22:40:00,REF-100664,,,SALE,AgenticMesh
665,RECEIPT,14957,33,151,2026-01-05T22:50:00,REF-100665,,,RECEIPT,POS
666,TRANSFER_IN,13055,1,96,2026-01-05T23:00:00,REF-100666,19.0,23.0,TRANSFER_IN,WMS
667,SALE,12365,11,-4,2026-01-05T23:10:00,REF-100667,,,SALE,AgenticMesh
668,RECEIPT,12485,31,55,2026-01-05T23:20:00,REF-100668,,,RECEIPT,WMS
669,SALE,13396,12,-5,2026-01-05T23:30:00,REF-100669,,,SALE,AgenticMesh
670,RECEIPT,10346,53,71,2026-01-05T23:40:00,REF-100670,,,RECEIPT,WMS
671,TRANSFER_OUT,10021,10,-76,2026-01-05T23:50:00,REF-100671,17.0,20.0,TRANSFER_OUT,AgenticMesh
672,SALE,12271,32,-3,2026-01-06T00:00:00,REF-100672,,,SALE,POS
673,SALE,10980,24,-3,2026-01-06T00:10:00,REF-100673,,,SALE,POS
674,TRANSFER_OUT,12928,11,-12,2026-01-06T00:20:00,REF-100674,4.0,18.0,TRANSFER_OUT,WMS
675,SALE,14210,13,-3,2026-01-06T00:30:00,REF-100675,,,SALE,ERP
676,TRANSFER_OUT,12970,7,-74,2026-01-06T00:40:00,REF-100676,35.0,38.0,TRANSFER_OUT,WMS
677,TRANSFER_OUT,12788,11,-71,2026-01-06T00:50:00,REF-100677,7.0,14.0,TRANSFER_OUT,ERP
678,SALE,10934,27,-2,2026-01-06T01:00:00,REF-100678,,,SALE,AgenticMesh
679,TRANSFER_IN,11139,53,66,2026-01-06T01:10:00,REF-100679,29.0,39.0,TRANSFER_IN,WMS
680,SALE,11857,20,-3,2026-01-06T01:20:00,REF-100680,,,SALE,ERP
681,SALE,13533,3,-1,2026-01-06T01:30:00,REF-100681,,,SALE,ERP
682,SALE,10543,20,-5,2026-01-06T01:40:00,REF-100682,,,SALE,POS
683,TRANSFER_OUT,10240,6,-31,2026-01-06T01:50:00,REF-100683,10.0,48.0,TRANSFER_OUT,WMS
684,TRANSFER_IN,14672,5,69,2026-01-06T02:00:00,REF-100684,7.0,53.0,TRANSFER_IN,POS
685,SALE,14131,46,-2,2026-01-06T02:10:00,REF-100685,,,SALE,AgenticMesh
686,SALE,13110,28,-5,2026-01-06T02:20:00,REF-100686,,,SALE,ERP
687,SALE,11114,32,-4,2026-01-06T02:30:00,REF-100687,,,SALE,WMS
688,RECEIPT,12324,30,30,2026-01-06T02:40:00,REF-100688,,,RECEIPT,WMS
689,RECEIPT,10571,52,77,2026-01-06T02:50:00,REF-100689,,,RECEIPT,AgenticMesh
690,TRANSFER_IN,13589,34,91,2026-01-06T03:00:00,REF-100690,43.0,44.0,TRANSFER_IN,POS
691,SALE,12980,13,-4,2026-01-06T03:10:00,REF-100691,,,SALE,WMS
692,SALE,14864,18,-4,2026-01-06T03:20:00,REF-100692,,,SALE,AgenticMesh
693,SALE,10886,8,-5,2026-01-06T03:30:00,REF-100693,,,SALE,WMS
694,SALE,14081,44,-2,2026-01-06T03:40:00,REF-100694,,,SALE,POS
695,RETURN,10790,49,3,2026-01-06T03:50:00,REF-100695,,,RETURN,POS
696,RECEIPT,14136,17,146,2026-01-06T04:00:00,REF-100696,,,RECEIPT,WMS
697,TRANSFER_OUT,13688,21,-7,2026-01-06T04:10:00,REF-100697,25.0,29.0,TRANSFER_OUT,AgenticMesh
698,SALE,11102,20,-2,2026-01-06T04:20:00,REF-100698,,,SALE,AgenticMesh
699,SALE,13849,31,-1,2026-01-06T04:30:00,REF-100699,,,SALE,ERP
700,SALE,12331,21,-4,2026-01-06T04:40:00,REF-100700,,,SALE,POS
701,SALE,13118,7,-1,2026-01-06T04:50:00,REF-100701,,,SALE,AgenticMesh
702,SALE,12557,38,-3,2026-01-06T05:00:00,REF-100702,,,SALE,POS
703,TRANSFER_IN,12672,3,48,2026-01-06T05:10:00,REF-100703,30.0,43.0,TRANSFER_IN,AgenticMesh
704,SALE,12593,25,-4,2026-01-06T05:20:00,REF-100704,,,SALE,AgenticMesh
705,SALE,14119,52,-1,2026-01-06T05:30:00,REF-100705,,,SALE,WMS
706,SALE,14390,14,-3,2026-01-06T05:40:00,REF-100706,,,SALE,WMS
707,SALE,10777,38,-3,2026-01-06T05:50:00,REF-100707,,,SALE,WMS
708,SALE,12473,33,-5,2026-01-06T06:00:00,REF-100708,,,SALE,WMS
709,SALE,14222,30,-5,2026-01-06T06:10:00,REF-100709,,,SALE,ERP
710,TRANSFER_IN,14365,52,68,2026-01-06T06:20:00,REF-100710,40.0,50.0,TRANSFER_IN,AgenticMesh
711,TRANSFER_IN,11233,48,51,2026-01-06T06:30:00,REF-100711,44.0,49.0,TRANSFER_IN,WMS
712,TRANSFER_OUT,12352,42,-13,2026-01-06T06:40:00,REF-100712,11.0,17.0,TRANSFER_OUT,ERP
713,SALE,13977,36,-1,2026-01-06T06:50:00,REF-100713,,,SALE,AgenticMesh
714,SALE,12276,43,-1,2026-01-06T07:00:00,REF-100714,,,SALE,ERP
715,RECEIPT,12442,5,144,2026-01-06T07:10:00,REF-100715,,,RECEIPT,AgenticMesh
716,TRANSFER_IN,14099,8,22,2026-01-06T07:20:00,REF-100716,34.0,43.0,TRANSFER_IN,WMS
717,SALE,13195,52,-1,2026-01-06T07:30:00,REF-100717,,,SALE,ERP
718,TRANSFER_IN,13346,17,27,2026-01-06T07:40:00,REF-100718,38.0,4.0,TRANSFER_IN,AgenticMesh
719,SALE,11188,24,-1,2026-01-06T07:50:00,REF-100719,,,SALE,AgenticMesh
720,RECEIPT,12073,36,25,2026-01-06T08:00:00,REF-100720,,,RECEIPT,AgenticMesh
721,SALE,10065,26,-3,2026-01-06T08:10:00,REF-100721,,,SALE,WMS
722,SALE,13329,51,-2,2026-01-06T08:20:00,REF-100722,,,SALE,POS
723,SALE,10823,53,-1,2026-01-06T08:30:00,REF-100723,,,SALE,ERP
724,RECEIPT,13714,45,36,2026-01-06T08:40:00,REF-100724,,,RECEIPT,POS
725,TRANSFER_OUT,11640,41,-61,2026-01-06T08:50:00,REF-100725,20.0,21.0,TRANSFER_OUT,POS
726,SALE,12617,29,-2,2026-01-06T09:00:00,REF-100726,,,SALE,AgenticMesh
727,TRANSFER_IN,11628,6,92,2026-01-06T09:10:00,REF-100727,27.0,24.0,TRANSFER_IN,ERP
728,SALE,11874,6,-4,2026-01-06T09:20:00,REF-100728,,,SALE,AgenticMesh
729,SALE,11223,6,-2,2026-01-06T09:30:00,REF-100729,,,SALE,WMS
730,SALE,14049,8,-5,2026-01-06T09:40:00,REF-100730,,,SALE,ERP
731,RECEIPT,13534,14,88,2026-01-06T09:50:00,REF-100731,,,RECEIPT,ERP
732,DAMAGE,10236,19,-3,2026-01-06T10:00:00,REF-100732,,,DAMAGE,WMS
733,SALE,13842,9,-4,2026-01-06T10:10:00,REF-100733,,,SALE,WMS
734,RETURN,12100,5,7,2026-01-06T10:20:00,REF-100734,,,RETURN,POS
735,SALE,10373,1,-1,2026-01-06T10:30:00,REF-100735,,,SALE,WMS
736,SALE,10337,38,-4,2026-01-06T10:40:00,REF-100736,,,SALE,ERP
737,SALE,14346,28,-5,2026-01-06T10:50:00,REF-100737,,,SALE,ERP
738,SALE,12318,17,-3,2026-01-06T11:00:00,REF-100738,,,SALE,WMS
739,SALE,13605,4,-4,2026-01-06T11:10:00,REF-100739,,,SALE,ERP
740,SALE,13576,8,-2,2026-01-06T11:20:00,REF-100740,,,SALE,AgenticMesh
741,SALE,11013,23,-3,2026-01-06T11:30:00,REF-100741,,,SALE,POS
742,SALE,14798,14,-3,2026-01-06T11:40:00,REF-100742,,,SALE,POS
743,SALE,12693,2,-5,2026-01-06T11:50:00,REF-100743,,,SALE,WMS
744,RECEIPT,10237,6,120,2026-01-06T12:00:00,REF-100744,,,RECEIPT,AgenticMesh
745,TRANSFER_OUT,10360,42,-85,2026-01-06T12:10:00,REF-100745,40.0,29.0,TRANSFER_OUT,WMS
746,TRANSFER_IN,10580,36,11,2026-01-06T12:20:00,REF-100746,39.0,25.0,TRANSFER_IN,POS
747,SALE,13183,50,-2,2026-01-06T12:30:00,REF-100747,,,SALE,AgenticMesh
748,SALE,11076,23,-2,2026-01-06T12:40:00,REF-100748,,,SALE,POS
749,TRANSFER_OUT,14613,39,-67,2026-01-06T12:50:00,REF-100749,28.0,6.0,TRANSFER_OUT,AgenticMesh
750,TRANSFER_OUT,14206,22,-60,2026-01-06T13:00:00,REF-100750,30.0,44.0,TRANSFER_OUT,ERP
751,RECEIPT,13836,28,146,2026-01-06T13:10:00,REF-100751,,,RECEIPT,POS
752,TRANSFER_IN,13504,19,21,2026-01-06T13:20:00,REF-100752,37.0,4.0,TRANSFER_IN,POS
753,TRANSFER_IN,14657,53,59,2026-01-06T13:30:00,REF-100753,17.0,23.0,TRANSFER_IN,WMS
754,SALE,13220,3,-5,2026-01-06T13:40:00,REF-100754,,,SALE,POS
755,SALE,12172,22,-3,2026-01-06T13:50:00,REF-100755,,,SALE,ERP
756,SALE,10147,1,-1,2026-01-06T14:00:00,REF-100756,,,SALE,AgenticMesh
757,SALE,12481,40,-2,2026-01-06T14:10:00,REF-100757,,,SALE,WMS
758,RECEIPT,10917,53,97,2026-01-06T14:20:00,REF-100758,,,RECEIPT,POS
759,RECEIPT,14413,13,26,2026-01-06T14:30:00,REF-100759,,,RECEIPT,POS
760,SALE,11249,48,-4,2026-01-06T14:40:00,REF-100760,,,SALE,AgenticMesh
761,RETURN,14665,26,4,2026-01-06T14:50:00,REF-100761,,,RETURN,POS
762,SALE,14882,47,-1,2026-01-06T15:00:00,REF-100762,,,SALE,WMS
763,SALE,10498,34,-4,2026-01-06T15:10:00,REF-100763,,,SALE,POS
764,SALE,14054,40,-3,2026-01-06T15:20:00,REF-100764,,,SALE,WMS
765,SALE,13590,15,-4,2026-01-06T15:30:00,REF-100765,,,SALE,ERP
766,SALE,13198,27,-3,2026-01-06T15:40:00,REF-100766,,,SALE,WMS
767,TRANSFER_OUT,11420,13,-31,2026-01-06T15:50:00,REF-100767,11.0,39.0,TRANSFER_OUT,AgenticMesh
768,SALE,10149,23,-4,2026-01-06T16:00:00,REF-100768,,,SALE,WMS
769,SALE,10934,40,-2,2026-01-06T16:10:00,REF-100769,,,SALE,ERP
770,SALE,12192,10,-2,2026-01-06T16:20:00,REF-100770,,,SALE,POS
771,RECEIPT,14608,3,137,2026-01-06T16:30:00,REF-100771,,,RECEIPT,POS
772,SALE,14083,47,-1,2026-01-06T16:40:00,REF-100772,,,SALE,POS
773,SALE,10054,16,-3,2026-01-06T16:50:00,REF-100773,,,SALE,AgenticMesh
774,SALE,12011,10,-5,2026-01-06T17:00:00,REF-100774,,,SALE,AgenticMesh
775,TRANSFER_OUT,10244,29,-57,2026-01-06T17:10:00,REF-100775,10.0,50.0,TRANSFER_OUT,POS
776,RECEIPT,13556,4,37,2026-01-06T17:20:00,REF-100776,,,RECEIPT,AgenticMesh
777,TRANSFER_OUT,13294,44,-12,2026-01-06T17:30:00,REF-100777,45.0,36.0,TRANSFER_OUT,WMS
778,RECEIPT,13310,29,108,2026-01-06T17:40:00,REF-100778,,,RECEIPT,ERP
779,TRANSFER_IN,12471,6,61,2026-01-06T17:50:00,REF-100779,3.0,35.0,TRANSFER_IN,WMS
780,SALE,14521,20,-2,2026-01-06T18:00:00,REF-100780,,,SALE,WMS
781,TRANSFER_OUT,12490,47,-8,2026-01-06T18:10:00,REF-100781,28.0,33.0,TRANSFER_OUT,POS
782,RECEIPT,11022,29,86,2026-01-06T18:20:00,REF-100782,,,RECEIPT,WMS
783,SALE,14879,15,-1,2026-01-06T18:30:00,REF-100783,,,SALE,WMS
784,SALE,10863,21,-5,2026-01-06T18:40:00,REF-100784,,,SALE,ERP
785,TRANSFER_OUT,10756,4,-17,2026-01-06T18:50:00,REF-100785,28.0,9.0,TRANSFER_OUT,AgenticMesh
786,SALE,14252,50,-1,2026-01-06T19:00:00,REF-100786,,,SALE,AgenticMesh
787,TRANSFER_IN,11335,10,59,2026-01-06T19:10:00,REF-100787,33.0,9.0,TRANSFER_IN,AgenticMesh
788,RECEIPT,13878,3,200,2026-01-06T19:20:00,REF-100788,,,RECEIPT,ERP
789,TRANSFER_IN,14684,19,57,2026-01-06T19:30:00,REF-100789,3.0,34.0,TRANSFER_IN,ERP
790,SALE,11165,51,-3,2026-01-06T19:40:00,REF-100790,,,SALE,AgenticMesh
791,SALE,14486,23,-3,2026-01-06T19:50:00,REF-100791,,,SALE,POS
792,TRANSFER_IN,13091,31,44,2026-01-06T20:00:00,REF-100792,47.0,39.0,TRANSFER_IN,ERP
793,TRANSFER_OUT,10732,52,-63,2026-01-06T20:10:00,REF-100793,40.0,43.0,TRANSFER_OUT,AgenticMesh
794,SALE,11357,46,-4,2026-01-06T20:20:00,REF-100794,,,SALE,POS
795,SALE,14439,37,-3,2026-01-06T20:30:00,REF-100795,,,SALE,POS
796,RETURN,11473,2,1,2026-01-06T20:40:00,REF-100796,,,RETURN,WMS
797,TRANSFER_OUT,12625,26,-79,2026-01-06T20:50:00,REF-100797,38.0,3.0,TRANSFER_OUT,AgenticMesh
798,TRANSFER_IN,12600,25,28,2026-01-06T21:00:00,REF-100798,17.0,6.0,TRANSFER_IN,POS
799,RETURN,11264,20,3,2026-01-06T21:10:00,REF-100799,,,RETURN,AgenticMesh
800,RECEIPT,13195,7,177,2026-01-06T21:20:00,REF-100800,,,RECEIPT,WMS
801,SALE,14891,38,-3,2026-01-06T21:30:00,REF-100801,,,SALE,ERP
802,SALE,14532,27,-5,2026-01-06T21:40:00,REF-100802,,,SALE,POS
803,SALE,10832,16,-4,2026-01-06T21:50:00,REF-100803,,,SALE,ERP
804,SALE,13059,35,-4,2026-01-06T22:00:00,REF-100804,,,SALE,ERP
805,TRANSFER_OUT,12370,42,-76,2026-01-06T22:10:00,REF-100805,11.0,1.0,TRANSFER_OUT,POS
806,TRANSFER_IN,14794,33,37,2026-01-06T22:20:00,REF-100806,19.0,3.0,TRANSFER_IN,ERP
807,RECEIPT,14559,18,37,2026-01-06T22:30:00,REF-100807,,,RECEIPT,AgenticMesh
808,SALE,12015,43,-5,2026-01-06T22:40:00,REF-100808,,,SALE,WMS
809,SALE,13904,1,-4,2026-01-06T22:50:00,REF-100809,,,SALE,POS
810,RECEIPT,10665,51,162,2026-01-06T23:00:00,REF-100810,,,RECEIPT,POS
811,SALE,13169,12,-4,2026-01-06T23:10:00,REF-100811,,,SALE,POS
812,SALE,12932,13,-3,2026-01-06T23:20:00,REF-100812,,,SALE,POS
813,TRANSFER_OUT,14038,46,-34,2026-01-06T23:30:00,REF-100813,46.0,39.0,TRANSFER_OUT,ERP
814,SALE,14521,13,-4,2026-01-06T23:40:00,REF-100814,,,SALE,ERP
815,SALE,12248,13,-2,2026-01-06T23:50:00,REF-100815,,,SALE,POS
816,DAMAGE,13499,42,-1,2026-01-07T00:00:00,REF-100816,,,DAMAGE,POS
817,TRANSFER_IN,14060,24,40,2026-01-07T00:10:00,REF-100817,34.0,49.0,TRANSFER_IN,POS
818,TRANSFER_IN,10043,26,58,2026-01-07T00:20:00,REF-100818,13.0,22.0,TRANSFER_IN,POS
819,TRANSFER_IN,11348,22,59,2026-01-07T00:30:00,REF-100819,20.0,5.0,TRANSFER_IN,POS
820,SALE,10884,31,-4,2026-01-07T00:40:00,REF-100820,,,SALE,ERP
821,RETURN,13593,49,2,2026-01-07T00:50:00,REF-100821,,,RETURN,POS
822,RECEIPT,10533,51,51,2026-01-07T01:00:00,REF-100822,,,RECEIPT,ERP
823,SALE,10458,36,-4,2026-01-07T01:10:00,REF-100823,,,SALE,POS
824,SALE,10087,30,-4,2026-01-07T01:20:00,REF-100824,,,SALE,AgenticMesh
825,SALE,14238,22,-4,2026-01-07T01:30:00,REF-100825,,,SALE,ERP
826,SALE,11033,41,-1,2026-01-07T01:40:00,REF-100826,,,SALE,WMS
827,SALE,10496,9,-4,2026-01-07T01:50:00,REF-100827,,,SALE,WMS
828,SALE,11208,31,-5,2026-01-07T02:00:00,REF-100828,,,SALE,WMS
829,RECEIPT,11945,33,114,2026-01-07T02:10:00,REF-100829,,,RECEIPT,POS
830,SALE,13898,45,-2,2026-01-07T02:20:00,REF-100830,,,SALE,AgenticMesh
831,SALE,12693,11,-3,2026-01-07T02:30:00,REF-100831,,,SALE,POS
832,SALE,11747,16,-1,2026-01-07T02:40:00,REF-100832,,,SALE,AgenticMesh
833,RECEIPT,10082,5,116,2026-01-07T02:50:00,REF-100833,,,RECEIPT,WMS
834,SALE,12949,3,-1,2026-01-07T03:00:00,REF-100834,,,SALE,POS
835,SALE,12015,12,-3,2026-01-07T03:10:00,REF-100835,,,SALE,ERP
836,SALE,12773,14,-3,2026-01-07T03:20:00,REF-100836,,,SALE,WMS
837,SALE,10536,8,-3,2026-01-07T03:30:00,REF-100837,,,SALE,ERP
838,TRANSFER_IN,14912,28,73,2026-01-07T03:40:00,REF-100838,41.0,16.0,TRANSFER_IN,POS
839,TRANSFER_OUT,10437,41,-73,2026-01-07T03:50:00,REF-100839,51.0,18.0,TRANSFER_OUT,ERP
840,TRANSFER_IN,10532,11,98,2026-01-07T04:00:00,REF-100840,33.0,25.0,TRANSFER_IN,WMS
841,SALE,14054,31,-4,2026-01-07T04:10:00,REF-100841,,,SALE,WMS
842,SALE,11921,26,-5,2026-01-07T04:20:00,REF-100842,,,SALE,ERP
843,SALE,11101,49,-4,2026-01-07T04:30:00,REF-100843,,,SALE,POS
844,SALE,12756,28,-5,2026-01-07T04:40:00,REF-100844,,,SALE,AgenticMesh
845,SALE,11472,29,-4,2026-01-07T04:50:00,REF-100845,,,SALE,ERP
846,SALE,10641,51,-1,2026-01-07T05:00:00,REF-100846,,,SALE,WMS
847,TRANSFER_IN,12735,13,51,2026-01-07T05:10:00,REF-100847,44.0,22.0,TRANSFER_IN,WMS
848,SALE,10070,50,-3,2026-01-07T05:20:00,REF-100848,,,SALE,WMS
849,SALE,11223,26,-3,2026-01-07T05:30:00,REF-100849,,,SALE,ERP
850,SALE,13780,22,-2,2026-01-07T05:40:00,REF-100850,,,SALE,POS
851,SALE,14575,2,-2,2026-01-07T05:50:00,REF-100851,,,SALE,WMS
852,SALE,11848,27,-2,2026-01-07T06:00:00,REF-100852,,,SALE,AgenticMesh
853,RECEIPT,14650,51,196,2026-01-07T06:10:00,REF-100853,,,RECEIPT,POS
854,TRANSFER_IN,13203,25,85,2026-01-07T06:20:00,REF-100854,14.0,26.0,TRANSFER_IN,POS
855,SALE,10764,11,-2,2026-01-07T06:30:00,REF-100855,,,SALE,POS
856,RECEIPT,11631,5,28,2026-01-07T06:40:00,REF-100856,,,RECEIPT,AgenticMesh
857,SALE,13020,34,-2,2026-01-07T06:50:00,REF-100857,,,SALE,POS
858,SALE,13918,48,-4,2026-01-07T07:00:00,REF-100858,,,SALE,POS
859,SALE,14946,37,-2,2026-01-07T07:10:00,REF-100859,,,SALE,WMS
860,SALE,13652,5,-5,2026-01-07T07:20:00,REF-100860,,,SALE,AgenticMesh
861,RECEIPT,14720,3,154,2026-01-07T07:30:00,REF-100861,,,RECEIPT,POS
862,SALE,11435,27,-4,2026-01-07T07:40:00,REF-100862,,,SALE,ERP
863,SALE,13224,45,-5,2026-01-07T07:50:00,REF-100863,,,SALE,POS
864,SALE,14043,27,-2,2026-01-07T08:00:00,REF-100864,,,SALE,POS
865,DAMAGE,12071,14,-3,2026-01-07T08:10:00,REF-100865,,,DAMAGE,POS
866,SALE,13272,13,-1,2026-01-07T08:20:00,REF-100866,,,SALE,AgenticMesh
867,SALE,13780,5,-3,2026-01-07T08:30:00,REF-100867,,,SALE,POS
868,SALE,10148,39,-2,2026-01-07T08:40:00,REF-100868,,,SALE,POS
869,SALE,12239,10,-1,2026-01-07T08:50:00,REF-100869,,,SALE,AgenticMesh
870,SALE,14284,42,-2,2026-01-07T09:00:00,REF-100870,,,SALE,POS
871,SALE,11653,16,-3,2026-01-07T09:10:00,REF-100871,,,SALE,WMS
872,TRANSFER_IN,11575,44,58,2026-01-07T09:20:00,REF-100872,43.0,5.0,TRANSFER_IN,ERP
873,RETURN,14199,7,3,2026-01-07T09:30:00,REF-100873,,,RETURN,WMS
874,SALE,11904,14,-2,2026-01-07T09:40:00,REF-100874,,,SALE,POS
875,SALE,11743,30,-2,2026-01-07T09:50:00,REF-100875,,,SALE,ERP
876,SALE,13368,20,-3,2026-01-07T10:00:00,REF-100876,,,SALE,AgenticMesh
877,ADJUSTMENT,12658,41,-14,2026-01-07T10:10:00,REF-100877,,,ADJUSTMENT,AgenticMesh
878,RECEIPT,12746,2,105,2026-01-07T10:20:00,REF-100878,,,RECEIPT,AgenticMesh
879,SALE,11017,20,-2,2026-01-07T10:30:00,REF-100879,,,SALE,ERP
880,RECEIPT,12430,13,178,2026-01-07T10:40:00,REF-100880,,,RECEIPT,ERP
881,SALE,12279,21,-1,2026-01-07T10:50:00,REF-100881,,,SALE,POS
882,SALE,11985,14,-4,2026-01-07T11:00:00,REF-100882,,,SALE,POS
883,TRANSFER_IN,14272,21,97,2026-01-07T11:10:00,REF-100883,12.0,29.0,TRANSFER_IN,POS
884,SALE,10752,12,-4,2026-01-07T11:20:00,REF-100884,,,SALE,ERP
885,SALE,12007,28,-1,2026-01-07T11:30:00,REF-100885,,,SALE,ERP
886,RECEIPT,10656,24,93,2026-01-07T11:40:00,REF-100886,,,RECEIPT,AgenticMesh
887,SALE,13949,2,-4,2026-01-07T11:50:00,REF-100887,,,SALE,AgenticMesh
888,SALE,12108,25,-1,2026-01-07T12:00:00,REF-100888,,,SALE,AgenticMesh
889,SALE,11120,46,-3,2026-01-07T12:10:00,REF-100889,,,SALE,AgenticMesh
890,SALE,13407,26,-2,2026-01-07T12:20:00,REF-100890,,,SALE,WMS
891,SALE,13153,37,-3,2026-01-07T12:30:00,REF-100891,,,SALE,ERP
892,SALE,10473,42,-4,2026-01-07T12:40:00,REF-100892,,,SALE,AgenticMesh
893,TRANSFER_IN,11212,17,9,2026-01-07T12:50:00,REF-100893,39.0,30.0,TRANSFER_IN,ERP
894,SALE,13149,26,-5,2026-01-07T13:00:00,REF-100894,,,SALE,POS
895,SALE,14368,43,-2,2026-01-07T13:10:00,REF-100895,,,SALE,AgenticMesh
896,SALE,12204,48,-4,2026-01-07T13:20:00,REF-100896,,,SALE,ERP
897,TRANSFER_IN,10794,5,5,2026-01-07T13:30:00,REF-100897,50.0,45.0,TRANSFER_IN,AgenticMesh
898,SALE,11623,32,-3,2026-01-07T13:40:00,REF-100898,,,SALE,ERP
899,SALE,11497,52,-1,2026-01-07T13:50:00,REF-100899,,,SALE,ERP
900,SALE,10654,19,-4,2026-01-07T14:00:00,REF-100900,,,SALE,POS
901,SALE,13975,44,-3,2026-01-07T14:10:00,REF-100901,,,SALE,POS
902,SALE,14279,51,-3,2026-01-07T14:20:00,REF-100902,,,SALE,POS
903,SALE,12758,24,-5,2026-01-07T14:30:00,REF-100903,,,SALE,WMS
904,DAMAGE,12917,22,-1,2026-01-07T14:40:00,REF-100904,,,DAMAGE,POS
905,SALE,12037,24,-4,2026-01-07T14:50:00,REF-100905,,,SALE,AgenticMesh
906,RECEIPT,10137,41,151,2026-01-07T15:00:00,REF-100906,,,RECEIPT,WMS
907,TRANSFER_IN,10667,23,34,2026-01-07T15:10:00,REF-100907,28.0,31.0,TRANSFER_IN,POS
908,RECEIPT,14134,3,175,2026-01-07T15:20:00,REF-100908,,,RECEIPT,ERP
909,SALE,10948,31,-1,2026-01-07T15:30:00,REF-100909,,,SALE,ERP
910,SALE,11313,21,-2,2026-01-07T15:40:00,REF-100910,,,SALE,AgenticMesh
911,TRANSFER_OUT,14031,6,-90,2026-01-07T15:50:00,REF-100911,51.0,45.0,TRANSFER_OUT,WMS
912,TRANSFER_IN,14604,28,87,2026-01-07T16:00:00,REF-100912,52.0,15.0,TRANSFER_IN,ERP
913,SALE,10952,37,-3,2026-01-07T16:10:00,REF-100913,,,SALE,WMS
914,SALE,14834,35,-3,2026-01-07T16:20:00,REF-100914,,,SALE,ERP
915,TRANSFER_OUT,14840,15,-51,2026-01-07T16:30:00,REF-100915,7.0,26.0,TRANSFER_OUT,POS
916,SALE,11208,39,-4,2026-01-07T16:40:00,REF-100916,,,SALE,WMS
917,SALE,14702,31,-1,2026-01-07T16:50:00,REF-100917,,,SALE,ERP
918,SALE,11467,32,-4,2026-01-07T17:00:00,REF-100918,,,SALE,AgenticMesh
919,SALE,12854,49,-2,2026-01-07T17:10:00,REF-100919,,,SALE,AgenticMesh
920,SALE,10798,9,-5,2026-01-07T17:20:00,REF-100920,,,SALE,WMS
921,TRANSFER_OUT,11127,29,-95,2026-01-07T17:30:00,REF-100921,45.0,31.0,TRANSFER_OUT,WMS
922,TRANSFER_IN,10836,44,30,2026-01-07T17:40:00,REF-100922,51.0,10.0,TRANSFER_IN,AgenticMesh
923,RETURN,11472,4,2,2026-01-07T17:50:00,REF-100923,,,RETURN,POS
924,ADJUSTMENT,10974,16,-5,2026-01-07T18:00:00,REF-100924,,,ADJUSTMENT,AgenticMesh
925,SALE,13131,18,-5,2026-01-07T18:10:00,REF-100925,,,SALE,AgenticMesh
926,SALE,10189,38,-1,2026-01-07T18:20:00,REF-100926,,,SALE,AgenticMesh
927,SALE,14682,9,-1,2026-01-07T18:30:00,REF-100927,,,SALE,POS
928,SALE,14395,51,-5,2026-01-07T18:40:00,REF-100928,,,SALE,AgenticMesh
929,SALE,11481,39,-5,2026-01-07T18:50:00,REF-100929,,,SALE,ERP
930,SALE,11321,6,-4,2026-01-07T19:00:00,REF-100930,,,SALE,WMS
931,TRANSFER_IN,11406,28,69,2026-01-07T19:10:00,REF-100931,43.0,1.0,TRANSFER_IN,ERP
932,SALE,14018,45,-5,2026-01-07T19:20:00,REF-100932,,,SALE,WMS
933,SALE,11943,3,-3,2026-01-07T19:30:00,REF-100933,,,SALE,ERP
934,SALE,12273,9,-2,2026-01-07T19:40:00,REF-100934,,,SALE,AgenticMesh
935,SALE,10683,17,-3,2026-01-07T19:50:00,REF-100935,,,SALE,AgenticMesh
936,TRANSFER_IN,13049,37,14,2026-01-07T20:00:00,REF-100936,43.0,42.0,TRANSFER_IN,ERP
937,SALE,10636,18,-2,2026-01-07T20:10:00,REF-100937,,,SALE,POS
938,SALE,12239,10,-5,2026-01-07T20:20:00,REF-100938,,,SALE,ERP
939,SALE,14313,47,-1,2026-01-07T20:30:00,REF-100939,,,SALE,WMS
940,SALE,12221,39,-4,2026-01-07T20:40:00,REF-100940,,,SALE,POS
941,TRANSFER_IN,14872,26,28,2026-01-07T20:50:00,REF-100941,31.0,38.0,TRANSFER_IN,ERP
942,SALE,12191,4,-5,2026-01-07T21:00:00,REF-100942,,,SALE,WMS
943,RECEIPT,12900,52,193,2026-01-07T21:10:00,REF-100943,,,RECEIPT,AgenticMesh
944,SALE,12504,27,-3,2026-01-07T21:20:00,REF-100944,,,SALE,WMS
945,TRANSFER_OUT,10471,6,-98,2026-01-07T21:30:00,REF-100945,48.0,19.0,TRANSFER_OUT,AgenticMesh
946,TRANSFER_OUT,14219,44,-91,2026-01-07T21:40:00,REF-100946,44.0,35.0,TRANSFER_OUT,POS
947,SALE,12001,48,-5,2026-01-07T21:50:00,REF-100947,,,SALE,POS
948,RECEIPT,11093,33,192,2026-01-07T22:00:00,REF-100948,,,RECEIPT,WMS
949,RETURN,12047,35,6,2026-01-07T22:10:00,REF-100949,,,RETURN,POS
950,SALE,13225,14,-4,2026-01-07T22:20:00,REF-100950,,,SALE,WMS
951,TRANSFER_IN,10049,40,84,2026-01-07T22:30:00,REF-100951,30.0,22.0,TRANSFER_IN,WMS
952,SALE,10831,28,-1,2026-01-07T22:40:00,REF-100952,,,SALE,AgenticMesh
953,SALE,11275,50,-5,2026-01-07T22:50:00,REF-100953,,,SALE,WMS
954,SALE,12208,7,-4,2026-01-07T23:00:00,REF-100954,,,SALE,AgenticMesh
955,RECEIPT,11626,8,61,2026-01-07T23:10:00,REF-100955,,,RECEIPT,ERP
956,SALE,11631,31,-2,2026-01-07T23:20:00,REF-100956,,,SALE,WMS
957,SALE,14112,47,-4,2026-01-07T23:30:00,REF-100957,,,SALE,AgenticMesh
958,SALE,11938,4,-1,2026-01-07T23:40:00,REF-100958,,,SALE,WMS
959,SALE,10677,49,-5,2026-01-07T23:50:00,REF-100959,,,SALE,AgenticMesh
960,SALE,12027,43,-2,2026-01-08T00:00:00,REF-100960,,,SALE,AgenticMesh
961,SALE,14844,41,-1,2026-01-08T00:10:00,REF-100961,,,SALE,ERP
962,SALE,10145,40,-2,2026-01-08T00:20:00,REF-100962,,,SALE,ERP
963,SALE,11817,22,-1,2026-01-08T00:30:00,REF-100963,,,SALE,AgenticMesh
964,SALE,12979,18,-5,2026-01-08T00:40:00,REF-100964,,,SALE,WMS
965,RECEIPT,12635,14,101,2026-01-08T00:50:00,REF-100965,,,RECEIPT,WMS
966,SALE,12739,20,-5,2026-01-08T01:00:00,REF-100966,,,SALE,POS
967,SALE,14825,34,-1,2026-01-08T01:10:00,REF-100967,,,SALE,WMS
968,SALE,14931,8,-3,2026-01-08T01:20:00,REF-100968,,,SALE,POS
969,SALE,12810,20,-2,2026-01-08T01:30:00,REF-100969,,,SALE,AgenticMesh
970,ADJUSTMENT,13426,36,-12,2026-01-08T01:40:00,REF-100970,,,ADJUSTMENT,WMS
971,TRANSFER_IN,13956,27,62,2026-01-08T01:50:00,REF-100971,34.0,33.0,TRANSFER_IN,POS
972,SALE,11559,48,-3,2026-01-08T02:00:00,REF-100972,,,SALE,AgenticMesh
973,SALE,14608,50,-5,2026-01-08T02:10:00,REF-100973,,,SALE,AgenticMesh
974,SALE,14851,45,-3,2026-01-08T02:20:00,REF-100974,,,SALE,POS
975,TRANSFER_IN,11805,19,95,2026-01-08T02:30:00,REF-100975,46.0,18.0,TRANSFER_IN,POS
976,SALE,12276,9,-1,2026-01-08T02:40:00,REF-100976,,,SALE,WMS
977,TRANSFER_IN,12847,41,31,2026-01-08T02:50:00,REF-100977,39.0,24.0,TRANSFER_IN,WMS
978,SALE,12660,4,-5,2026-01-08T03:00:00,REF-100978,,,SALE,POS
979,TRANSFER_OUT,10872,47,-27,2026-01-08T03:10:00,REF-100979,48.0,45.0,TRANSFER_OUT,AgenticMesh
980,TRANSFER_IN,11808,21,82,2026-01-08T03:20:00,REF-100980,18.0,14.0,TRANSFER_IN,AgenticMesh
981,SALE,11487,30,-2,2026-01-08T03:30:00,REF-100981,,,SALE,ERP
982,TRANSFER_OUT,12541,11,-77,2026-01-08T03:40:00,REF-100982,12.0,53.0,TRANSFER_OUT,AgenticMesh
983,RECEIPT,13298,7,37,2026-01-08T03:50:00,REF-100983,,,RECEIPT,ERP
984,RECEIPT,10112,49,174,2026-01-08T04:00:00,REF-100984,,,RECEIPT,POS
985,SALE,10872,35,-1,2026-01-08T04:10:00,REF-100985,,,SALE,WMS
986,TRANSFER_IN,12519,22,66,2026-01-08T04:20:00,REF-100986,31.0,10.0,TRANSFER_IN,ERP
987,SALE,14462,19,-3,2026-01-08T04:30:00,REF-100987,,,SALE,POS
988,SALE,13158,10,-4,2026-01-08T04:40:00,REF-100988,,,SALE,WMS
989,RECEIPT,10903,15,195,2026-01-08T04:50:00,REF-100989,,,RECEIPT,POS
990,RETURN,10695,3,6,2026-01-08T05:00:00,REF-100990,,,RETURN,ERP
991,SALE,12352,23,-5,2026-01-08T05:10:00,REF-100991,,,SALE,POS
992,SALE,11201,21,-4,2026-01-08T05:20:00,REF-100992,,,SALE,ERP
993,SALE,10741,21,-4,2026-01-08T05:30:00,REF-100993,,,SALE,ERP
994,SALE,14930,51,-4,2026-01-08T05:40:00,REF-100994,,,SALE,WMS
995,SALE,14036,35,-2,2026-01-08T05:50:00,REF-100995,,,SALE,ERP
996,SALE,12964,1,-5,2026-01-08T06:00:00,REF-100996,,,SALE,ERP
997,DAMAGE,12862,24,-1,2026-01-08T06:10:00,REF-100997,,,DAMAGE,ERP
998,SALE,11129,8,-2,2026-01-08T06:20:00,REF-100998,,,SALE,ERP
999,SALE,10605,31,-1,2026-01-08T06:30:00,REF-100999,,,SALE,ERP
1000,SALE,13412,10,-3,2026-01-08T06:40:00,REF-101000,,,SALE,ERP
